Trade #,Type,Signal,Date/Time,Price USDT,Contracts,Profit USDT,Profit %,Cum. Profit USDT,Cum. Profit %,Run-up USDT,Run-up %,Drawdown USDT,Drawdown %
314,Exit Long,Open,,,,,,,,,,,
314,Entry Long,long,2023-05-28 00:40,1849.07,,,,,,,,,
313,Exit Long,Close entry(s) order long,2023-05-24 03:00,1841.96,479.5919,1074.03,0.12,872594.06,0.12,16515.82,1.88,2269.80,0.26
313,Entry Long,long,2023-05-23 01:20,1836.41,479.5919,1074.03,0.12,872594.06,0.12,16515.82,1.88,2269.80,0.26
312,Exit Long,Close entry(s) order long,2023-05-18 15:00,1815.11,486.094,-2016.31,-0.23,871520.00,-0.23,8626.03,0.98,6083.17,0.69
312,Entry Long,long,2023-05-17 17:40,1815.99,486.094,-2016.31,-0.23,871520.00,-0.23,8626.03,0.98,6083.17,0.69
311,Exit Long,Close entry(s) order long,2023-05-16 00:40,1813.02,487.7674,2274.80,0.26,873536.30,0.26,19498.70,2.21,10572.16,1.2
311,Entry Long,long,2023-05-12 21:20,1805.10,487.7674,2274.80,0.26,873536.30,0.26,19498.70,2.21,10572.16,1.2
310,Exit Long,Close entry(s) order long,2023-05-06 08:00,1940.28,454.6021,2179.79,0.25,871261.56,0.25,38759.92,4.41,4881.88,0.56
310,Entry Long,long,2023-05-05 13:40,1932.00,454.6021,2179.79,0.25,871261.56,0.25,38759.92,4.41,4881.88,0.56
309,Exit Long,Close entry(s) order long,2023-05-04 13:20,1881.47,467.6522,-13992.39,-1.57,869081.75,-1.57,4004.42,0.45,15075.79,1.69
309,Entry Long,long,2023-05-03 22:00,1907.98,467.6522,-13992.39,-1.57,869081.75,-1.57,4004.42,0.45,15075.79,1.69
308,Exit Long,Close entry(s) order long,2023-05-03 12:40,1850.14,483.141,-7914.81,-0.88,883074.10,-0.88,8219.74,0.91,10038.15,1.12
308,Entry Long,long,2023-05-02 15:20,1863.18,483.141,-7914.81,-0.88,883074.10,-0.88,8219.74,0.91,10038.15,1.12
307,Exit Long,Close entry(s) order long,2023-04-26 19:20,1847.63,488.085,-11120.15,-1.22,890988.94,-1.22,46841.34,5.14,15882.46,1.74
307,Entry Long,long,2023-04-25 21:00,1867.07,488.085,-11120.15,-1.22,890988.94,-1.22,46841.34,5.14,15882.46,1.74
306,Exit Long,Close entry(s) order long,2023-04-14 15:20,2062.39,442.6566,69387.30,8.24,902109.06,8.23,99588.06,11.83,4617.73,0.55
306,Entry Long,long,2023-04-12 14:00,1902.07,442.6566,69387.30,8.24,902109.06,8.23,99588.06,11.83,4617.73,0.55
305,Exit Long,Close entry(s) order long,2023-04-11 16:20,1901.17,443.6641,6585.89,0.79,832721.80,0.79,23405.66,2.8,2863.69,0.34
305,Entry Long,long,2023-04-10 16:40,1882.92,443.6641,6585.89,0.79,832721.80,0.79,23405.66,2.8,2863.69,0.34
304,Exit Long,Close entry(s) order long,2023-04-06 08:00,1876.75,445.9246,19662.84,2.41,826135.90,2.41,49949.63,6.12,1264.82,0.16
304,Entry Long,long,2023-04-04 09:40,1829.32,445.9246,19662.84,2.41,826135.90,2.41,49949.63,6.12,1264.82,0.16
303,Exit Long,Close entry(s) order long,2023-04-03 20:00,1790.80,456.3371,-12163.44,-1.47,806473.06,-1.47,11019.27,1.33,16192.11,1.96
303,Entry Long,long,2023-04-03 08:00,1814.21,456.3371,-12163.44,-1.47,806473.06,-1.47,11019.27,1.33,16192.11,1.96
302,Exit Long,Close entry(s) order long,2023-04-02 15:00,1794.47,462.1882,-17660.90,-2.09,818636.50,-2.09,7493.70,0.89,19396.41,2.29
302,Entry Long,long,2023-03-31 13:20,1829.42,462.1882,-17660.90,-2.09,818636.50,-2.09,7493.70,0.89,19396.41,2.29
301,Exit Long,Close entry(s) order long,2023-03-30 03:00,1783.74,474.8784,1569.53,0.19,836297.44,0.19,24152.55,2.86,7991.97,0.95
301,Entry Long,long,2023-03-28 18:40,1777.23,474.8784,1569.53,0.19,836297.44,0.19,24152.55,2.86,7991.97,0.95
300,Exit Long,Close entry(s) order long,2023-03-27 05:40,1750.30,483.0536,-23844.54,-2.75,834727.90,-2.75,0,0,24566.57,2.83
300,Entry Long,long,2023-03-26 13:40,1796.47,483.0536,-23844.54,-2.75,834727.90,-2.75,0,0,24566.57,2.83
299,Exit Long,Close entry(s) order long,2023-03-24 08:40,1794.88,484.3526,-5758.26,-0.66,858572.44,-0.66,25189.64,2.88,8434.12,0.97
299,Entry Long,long,2023-03-23 14:40,1803.53,484.3526,-5758.26,-0.66,858572.44,-0.66,25189.64,2.88,8434.12,0.97
298,Exit Long,Close entry(s) order long,2023-03-22 17:00,1785.29,490.1827,-11495.63,-1.3,864330.70,-1.3,13658.96,1.54,16222.58,1.83
298,Entry Long,long,2023-03-21 12:40,1805.51,490.1827,-11495.63,-1.3,864330.70,-1.3,13658.96,1.54,16222.58,1.83
297,Exit Long,Close entry(s) order long,2023-03-18 16:20,1764.32,502.5302,-15241.84,-1.69,875826.30,-1.69,24090.14,2.68,22911.51,2.54
297,Entry Long,long,2023-03-17 23:00,1791.45,502.5302,-15241.84,-1.69,875826.30,-1.69,24090.14,2.68,22911.51,2.54
296,Exit Long,XL STP,2023-03-14 12:20,1715.69,525.6659,109234.10,13.81,891068.10,13.8,110045.80,13.91,1758.08,0.22
296,Entry Long,long,2023-03-12 17:20,1504.99,525.6659,109234.10,13.81,891068.10,13.8,110045.80,13.91,1758.08,0.22
295,Exit Long,Close entry(s) order long,2023-03-08 05:20,1553.12,510.2936,-9103.20,-1.14,781834.06,-1.14,678.01,0.08,8798.14,1.1
295,Entry Long,long,2023-03-08 00:00,1568.15,510.2936,-9103.20,-1.14,781834.06,-1.14,678.01,0.08,8798.14,1.1
294,Exit Long,Close entry(s) order long,2023-03-01 19:40,1634.79,490.3741,-13320.72,-1.64,790937.25,-1.64,4529.54,0.56,14443.03,1.78
294,Entry Long,long,2023-03-01 04:40,1658.99,490.3741,-13320.72,-1.64,790937.25,-1.64,4529.54,0.56,14443.03,1.78
293,Exit Long,Close entry(s) order long,2023-02-27 18:00,1623.87,501.8821,-4546.29,-0.56,804257.94,-0.56,16940.03,2.07,4666.00,0.57
293,Entry Long,long,2023-02-26 18:40,1630.00,501.8821,-4546.29,-0.56,804257.94,-0.56,16940.03,2.07,4666.00,0.57
292,Exit Long,Close entry(s) order long,2023-02-23 11:20,1634.17,501.5034,-16388.25,-1.96,808804.25,-1.96,6831.73,0.82,17185.26,2.06
292,Entry Long,long,2023-02-23 02:20,1663.88,501.5034,-16388.25,-1.96,808804.25,-1.96,6831.73,0.82,17185.26,2.06
291,Exit Long,Close entry(s) order long,2023-02-16 22:20,1645.25,508.0959,44514.28,5.63,825192.50,5.63,94917.76,12.02,11858.60,1.5
291,Entry Long,long,2023-02-14 14:40,1554.76,508.0959,44514.28,5.63,825192.50,5.63,94917.76,12.02,11858.60,1.5
290,Exit Long,Close entry(s) order long,2023-02-08 15:20,1658.50,477.1724,-7747.95,-0.97,780678.20,-0.97,11769.66,1.48,22672.64,2.84
290,Entry Long,long,2023-02-07 17:40,1671.74,477.1724,-7747.95,-0.97,780678.20,-0.97,11769.66,1.48,22672.64,2.84
289,Exit Long,Close entry(s) order long,2023-02-02 21:40,1637.19,488.1201,8191.04,1.04,788426.20,1.04,46734.70,5.92,2589.83,0.33
289,Entry Long,long,2023-02-01 19:40,1617.48,488.1201,8191.04,1.04,788426.20,1.04,46734.70,5.92,2589.83,0.33
288,Exit Long,Close entry(s) order long,2023-01-30 09:00,1600.80,494.0948,-8238.46,-1.03,780235.10,-1.03,21723.81,2.72,16593.25,2.08
288,Entry Long,long,2023-01-29 01:00,1614.58,494.0948,-8238.46,-1.03,780235.10,-1.03,21723.81,2.72,16593.25,2.08
287,Exit Long,Close entry(s) order long,2023-01-26 15:40,1589.79,502.7034,-10077.73,-1.25,788473.56,-1.25,16384.98,2.03,16793.44,2.08
287,Entry Long,long,2023-01-25 21:20,1606.96,502.7034,-10077.73,-1.25,788473.56,-1.25,16384.98,2.03,16793.44,2.08
286,Exit Long,Close entry(s) order long,2023-01-21 22:40,1628.96,496.8075,34062.20,4.4,798551.30,4.4,59779.97,7.73,8401.90,1.09
286,Entry Long,long,2023-01-19 20:00,1557.53,496.8075,34062.20,4.4,798551.30,4.4,59779.97,7.73,8401.90,1.09
285,Exit Long,XL STP,2023-01-14 00:40,1579.82,490.6804,93892.16,13.81,764489.10,13.8,94589.83,13.91,12329.44,1.81
285,Entry Long,long,2023-01-11 23:20,1385.80,490.6804,93892.16,13.81,764489.10,13.8,94589.83,13.91,12329.44,1.81
284,Exit Long,Close entry(s) order long,2023-01-11 15:20,1323.91,514.544,48590.46,7.7,670596.94,7.69,61439.40,9.73,2621.32,0.42
284,Entry Long,long,2023-01-04 01:00,1227.18,514.544,48590.46,7.7,670596.94,7.69,61439.40,9.73,2621.32,0.42
283,Exit Long,Close entry(s) order long,2023-01-03 14:40,1210.33,522.6473,-3105.56,-0.49,622006.50,-0.49,4759.92,0.75,4799.30,0.76
283,Entry Long,long,2023-01-02 07:00,1214.09,522.6473,-3105.56,-0.49,622006.50,-0.49,4759.92,0.75,4799.30,0.76
282,Exit Long,Close entry(s) order long,2022-12-14 19:00,1317.14,482.6246,16922.17,2.74,625112.06,2.74,34666.07,5.61,1057.80,0.17
282,Entry Long,long,2022-12-13 10:00,1279.74,482.6246,16922.17,2.74,625112.06,2.74,34666.07,5.61,1057.80,0.17
281,Exit Long,Close entry(s) order long,2022-12-13 07:00,1256.99,492.2447,-8996.75,-1.44,608189.90,-1.43,2345.21,0.37,9335.76,1.49
281,Entry Long,long,2022-12-12 21:00,1272.99,492.2447,-8996.75,-1.44,608189.90,-1.43,2345.21,0.37,9335.76,1.49
280,Exit Long,Close entry(s) order long,2022-12-09 13:20,1271.35,493.7677,-462.77,-0.07,617186.60,-0.07,12589.60,2.01,10439.73,1.66
280,Entry Long,long,2022-12-08 18:20,1270.00,493.7677,-462.77,-0.07,617186.60,-0.07,12589.60,2.01,10439.73,1.66
279,Exit Long,Close entry(s) order long,2022-12-07 06:40,1250.22,502.4833,-12205.43,-1.91,617649.40,-1.91,2665.67,0.42,12755.55,2
279,Entry Long,long,2022-12-06 23:20,1272.24,502.4833,-12205.43,-1.91,617649.40,-1.91,2665.67,0.42,12755.55,2
278,Exit Long,Close entry(s) order long,2022-12-05 15:00,1266.34,505.734,-13888.49,-2.13,629854.80,-2.12,6295.20,0.96,14404.49,2.21
278,Entry Long,long,2022-12-05 00:20,1291.50,505.734,-13888.49,-2.13,629854.80,-2.12,6295.20,0.96,14404.49,2.21
277,Exit Long,Close entry(s) order long,2022-12-03 22:20,1243.90,526.0328,24973.77,3.98,643743.30,3.97,60212.45,9.58,717.93,0.11
277,Entry Long,long,2022-11-29 04:20,1194.23,526.0328,24973.77,3.98,643743.30,3.97,60212.45,9.58,717.93,0.11
276,Exit Long,Close entry(s) order long,2022-11-25 04:20,1173.76,536.1709,20746.56,3.42,618769.56,3.41,44877.67,7.39,10583.85,1.74
276,Entry Long,long,2022-11-22 13:40,1132.99,536.1709,20746.56,3.42,618769.56,3.41,44877.67,7.39,10583.85,1.74
275,Exit Long,Close entry(s) order long,2022-11-08 17:40,1447.42,420.452,-48687.14,-7.42,598023.00,-7.41,4110.15,0.63,50178.62,7.65
275,Entry Long,long,2022-11-08 16:20,1560.51,420.452,-48687.14,-7.42,598023.00,-7.41,4110.15,0.63,50178.62,7.65
274,Exit Long,Close entry(s) order long,2022-11-06 01:40,1614.24,407.1895,16174.67,2.53,646710.10,2.53,43543.02,6.8,6867.04,1.07
274,Entry Long,long,2022-11-04 06:00,1571.65,407.1895,16174.67,2.53,646710.10,2.53,43543.02,6.8,6867.04,1.07
273,Exit Long,Close entry(s) order long,2022-11-02 19:20,1543.82,415.2766,-29663.46,-4.43,630535.50,-4.43,2549.31,0.38,37317.24,5.57
273,Entry Long,long,2022-11-02 18:00,1612.41,415.2766,-29663.46,-4.43,630535.50,-4.43,2549.31,0.38,37317.24,5.57
272,Exit Long,XL STP,2022-10-26 14:00,1575.26,425.8361,81248.95,13.81,660198.94,13.8,81852.67,13.91,2501.20,0.43
272,Entry Long,long,2022-10-25 13:40,1381.80,425.8361,81248.95,13.81,660198.94,13.8,81852.67,13.91,2501.20,0.43
271,Exit Long,Close entry(s) order long,2022-10-24 14:00,1333.68,441.9954,1146.48,0.2,578950.00,0.2,18415.38,3.14,2155.09,0.37
271,Entry Long,long,2022-10-23 17:40,1328.69,441.9954,1146.48,0.2,578950.00,0.2,18415.38,3.14,2155.09,0.37
270,Exit Long,Close entry(s) order long,2022-10-14 16:00,1300.18,452.5011,55.16,0.01,577803.50,0.01,20015.05,3.41,7012.84,1.19
270,Entry Long,long,2022-10-13 20:00,1297.72,452.5011,55.16,0.01,577803.50,0.01,20015.05,3.41,7012.84,1.19
269,Exit Long,Close entry(s) order long,2022-10-07 12:20,1341.13,438.6433,-17013.54,-2.82,577748.40,-2.81,2316.16,0.38,21366.19,3.54
269,Entry Long,long,2022-10-06 01:00,1377.47,438.6433,-17013.54,-2.82,577748.40,-2.81,2316.16,0.38,21366.19,3.54
268,Exit Long,Close entry(s) order long,2022-10-05 08:00,1342.89,450.7492,10189.32,1.72,594761.90,1.71,22751.07,3.83,4370.51,0.74
268,Entry Long,long,2022-10-03 14:20,1317.89,450.7492,10189.32,1.72,594761.90,1.71,22751.07,3.83,4370.51,0.74
267,Exit Long,Close entry(s) order long,2022-09-29 07:00,1319.44,451.0308,-9106.77,-1.51,584572.56,-1.51,7783.21,1.29,12585.35,2.09
267,Entry Long,long,2022-09-28 16:00,1337.24,451.0308,-9106.77,-1.51,584572.56,-1.51,7783.21,1.29,12585.35,2.09
266,Exit Long,Close entry(s) order long,2022-09-27 15:40,1365.18,442.5959,4246.05,0.71,593679.30,0.71,20201.04,3.37,574.41,0.1
266,Entry Long,long,2022-09-27 01:00,1353.14,442.5959,4246.05,0.71,593679.30,0.71,20201.04,3.37,574.41,0.1
265,Exit Long,Close entry(s) order long,2022-09-21 19:20,1329.78,451.1823,-31661.52,-5.02,589433.30,-5.02,4576.00,0.73,43226.76,6.86
265,Entry Long,long,2022-09-21 17:40,1397.50,451.1823,-31661.52,-5.02,589433.30,-5.02,4576.00,0.73,43226.76,6.86
264,Exit Long,Close entry(s) order long,2022-09-12 03:20,1721.83,366.8557,43832.26,7.47,621094.80,7.46,69042.45,11.77,2105.54,0.36
264,Entry Long,long,2022-09-07 20:00,1599.36,366.8557,43832.26,7.47,621094.80,7.46,69042.45,11.77,2105.54,0.36
263,Exit Long,Close entry(s) order long,2022-09-06 17:00,1601.42,367.0439,-878.01,-0.15,577262.56,-0.15,31209.44,5.31,9543.45,1.62
263,Entry Long,long,2022-09-05 15:00,1600.93,367.0439,-878.01,-0.15,577262.56,-0.15,31209.44,5.31,9543.45,1.62
262,Exit Long,Close entry(s) order long,2022-09-02 17:40,1583.34,371.7902,-23349.88,-3.82,578140.56,-3.82,1963.46,0.32,23946.60,3.92
262,Entry Long,long,2022-09-02 13:00,1643.24,371.7902,-23349.88,-3.82,578140.56,-3.82,1963.46,0.32,23946.60,3.92
261,Exit Long,Close entry(s) order long,2022-08-17 08:40,1884.38,324.7971,-19023.85,-3.02,601490.44,-3.02,5903.01,0.94,20058.03,3.18
261,Entry Long,long,2022-08-17 06:00,1939.51,324.7971,-19023.85,-3.02,601490.44,-3.02,5903.01,0.94,20058.03,3.18
260,Exit Long,XL STP,2022-08-14 07:40,2028.74,311.071,76437.15,13.81,620514.30,13.8,77005.12,13.91,3167.21,0.57
260,Entry Long,long,2022-08-10 12:20,1779.59,311.071,76437.15,13.81,620514.30,13.8,77005.12,13.91,3167.21,0.57
259,Exit Long,Close entry(s) order long,2022-08-09 09:40,1734.53,319.7271,-13398.81,-2.36,544077.10,-2.36,13787.93,2.43,13388.88,2.36
259,Entry Long,long,2022-08-08 08:40,1773.28,319.7271,-13398.81,-2.36,544077.10,-2.36,13787.93,2.43,13388.88,2.36
258,Exit Long,Close entry(s) order long,2022-08-06 23:40,1690.60,335.9677,13595.28,2.46,557475.94,2.45,34039.43,6.15,666.03,0.12
258,Entry Long,long,2022-08-05 01:40,1647.13,335.9677,13595.28,2.46,557475.94,2.45,34039.43,6.15,666.03,0.12
257,Exit Long,Close entry(s) order long,2022-08-03 00:20,1609.86,344.3651,-14798.67,-2.6,543880.70,-2.6,9165.31,1.61,16751.61,2.95
257,Entry Long,long,2022-08-02 16:00,1649.90,344.3651,-14798.67,-2.6,543880.70,-2.6,9165.31,1.61,16751.61,2.95
256,Exit Long,XL STP,2022-07-28 20:20,1762.19,323.0024,68939.31,13.81,558679.40,13.8,69451.59,13.91,5300.86,1.06
256,Entry Long,long,2022-07-27 18:00,1545.78,323.0024,68939.31,13.81,558679.40,13.8,69451.59,13.91,5300.86,1.06
255,Exit Long,Close entry(s) order long,2022-07-25 00:20,1560.15,320.6039,-10851.22,-2.13,489740.03,-2.13,23002.67,4.51,10449.14,2.05
255,Entry Long,long,2022-07-24 05:00,1591.16,320.6039,-10851.22,-2.13,489740.03,-2.13,23002.67,4.51,10449.14,2.05
254,Exit Long,XL STP,2022-07-16 16:00,1313.65,389.0314,61899.03,13.81,500591.25,13.8,62358.98,13.91,403.46,0.09
254,Entry Long,long,2022-07-14 17:00,1152.32,389.0314,61899.03,13.81,500591.25,13.8,62358.98,13.91,403.46,0.09
253,Exit Long,Close entry(s) order long,2022-07-08 09:00,1211.23,370.7771,7597.29,1.72,438692.22,1.72,32187.26,7.3,9814.37,2.23
253,Entry Long,long,2022-07-06 22:00,1188.58,370.7771,7597.29,1.72,438692.22,1.72,32187.26,7.3,9814.37,2.23
252,Exit Long,Close entry(s) order long,2022-07-06 01:40,1115.22,395.879,-18387.53,-4.01,431094.94,-4,3696.06,0.81,18635.47,4.06
252,Entry Long,long,2022-07-05 20:00,1159.62,395.879,-18387.53,-4.01,431094.94,-4,3696.06,0.81,18635.47,4.06
251,Exit Long,Close entry(s) order long,2022-07-05 11:40,1112.21,413.4977,3811.67,0.84,449482.47,0.84,30147.75,6.62,7294.47,1.6
251,Entry Long,long,2022-07-04 11:40,1101.00,413.4977,3811.67,0.84,449482.47,0.84,30147.75,6.62,7294.47,1.6
250,Exit Long,Close entry(s) order long,2022-06-25 12:20,1194.43,381.8401,-576.35,-0.13,445670.80,-0.13,19307.97,4.24,4163.74,0.91
250,Entry Long,long,2022-06-24 11:20,1193.79,381.8401,-576.35,-0.13,445670.80,-0.13,19307.97,4.24,4163.74,0.91
249,Exit Long,Close entry(s) order long,2022-06-08 03:20,1772.06,257.699,-19411.07,-4.08,446247.16,-4.08,7522.31,1.58,23904.09,5.03
249,Entry Long,long,2022-06-07 19:20,1844.13,257.699,-19411.07,-4.08,446247.16,-4.08,7522.31,1.58,23904.09,5.03
248,Exit Long,Close entry(s) order long,2022-06-06 15:00,1868.71,254.7675,333.88,0.07,465658.22,0.07,13829.38,2.91,2231.16,0.47
248,Entry Long,long,2022-06-06 01:40,1864.04,254.7675,333.88,0.07,465658.22,0.07,13829.38,2.91,2231.16,0.47
247,Exit Long,Close entry(s) order long,2022-06-01 14:20,1909.46,249.1555,8659.98,1.86,465324.34,1.86,35745.30,7.67,790.86,0.17
247,Entry Long,long,2022-05-30 02:00,1871.30,249.1555,8659.98,1.86,465324.34,1.86,35745.30,7.67,790.86,0.17
246,Exit Long,Close entry(s) order long,2022-05-25 10:40,1963.44,237.891,-13222.22,-2.76,456664.38,-2.76,1209.94,0.25,13270.49,2.77
246,Entry Long,long,2022-05-25 02:40,2015.44,237.891,-13222.22,-2.76,456664.38,-2.76,1209.94,0.25,13270.49,2.77
245,Exit Long,Close entry(s) order long,2022-05-23 18:40,2031.93,236.3855,169.36,0.04,469886.60,0.04,13973.98,2.92,9073.61,1.89
245,Entry Long,long,2022-05-22 09:40,2027.56,236.3855,169.36,0.04,469886.60,0.04,13973.98,2.92,9073.61,1.89
244,Exit Long,Close entry(s) order long,2022-05-20 14:40,1986.73,241.6782,-10261.92,-2.1,469717.22,-2.09,8844.69,1.81,11267.77,2.3
244,Entry Long,long,2022-05-19 15:20,2025.58,241.6782,-10261.92,-2.1,469717.22,-2.09,8844.69,1.81,11267.77,2.3
243,Exit Long,Close entry(s) order long,2022-05-05 13:40,2894.21,169.4488,7944.99,1.65,479979.12,1.65,20525.68,4.26,3149.70,0.65
243,Entry Long,long,2022-05-04 08:20,2842.16,169.4488,7944.99,1.65,479979.12,1.65,20525.68,4.26,3149.70,0.65
242,Exit Long,Close entry(s) order long,2022-04-29 09:00,2894.15,166.7046,-13722.92,-2.77,472034.16,-2.77,1022.89,0.21,15564.22,3.14
242,Entry Long,long,2022-04-28 17:40,2971.19,166.7046,-13722.92,-2.77,472034.16,-2.77,1022.89,0.21,15564.22,3.14
241,Exit Long,Close entry(s) order long,2022-04-26 13:20,2957.51,167.7775,-2827.70,-0.57,485757.06,-0.57,11381.67,2.28,2773.72,0.56
241,Entry Long,long,2022-04-25 19:00,2969.03,167.7775,-2827.70,-0.57,485757.06,-0.57,11381.67,2.28,2773.72,0.56
240,Exit Long,Close entry(s) order long,2022-04-20 15:00,3055.17,163.3407,5778.58,1.17,488584.78,1.17,24412.43,4.96,4650.78,0.94
240,Entry Long,long,2022-04-18 18:00,3014.33,163.3407,5778.58,1.17,488584.78,1.17,24412.43,4.96,4650.78,0.94
239,Exit Long,Close entry(s) order long,2022-04-17 18:00,3025.98,163.005,-8740.34,-1.74,482806.20,-1.74,998.13,0.2,8945.18,1.79
239,Entry Long,long,2022-04-16 22:00,3074.11,163.005,-8740.34,-1.74,482806.20,-1.74,998.13,0.2,8945.18,1.79
238,Exit Long,Close entry(s) order long,2022-04-02 15:20,3453.53,145.358,12759.26,2.61,491546.53,2.61,24646.37,5.05,3621.40,0.74
238,Entry Long,long,2022-04-01 13:20,3359.62,145.358,12759.26,2.61,491546.53,2.61,24646.37,5.05,3621.40,0.74
237,Exit Long,Close entry(s) order long,2022-03-29 22:00,3368.16,145.2506,18626.66,3.97,478787.28,3.96,35583.41,7.58,2761.30,0.59
237,Entry Long,long,2022-03-27 20:20,3233.98,145.2506,18626.66,3.97,478787.28,3.96,35583.41,7.58,2761.30,0.59
236,Exit Long,Close entry(s) order long,2022-03-25 16:40,3095.21,152.0362,8163.11,1.77,460160.62,1.77,23496.83,5.09,6024.04,1.31
236,Entry Long,long,2022-03-23 23:40,3036.00,152.0362,8163.11,1.77,460160.62,1.77,23496.83,5.09,6024.04,1.31
235,Exit Long,Close entry(s) order long,2022-03-23 18:40,2954.87,156.492,-10816.12,-2.29,451997.50,-2.29,3735.97,0.79,10576.79,2.24
235,Entry Long,long,2022-03-23 15:20,3018.61,156.492,-10816.12,-2.29,451997.50,-2.29,3735.97,0.79,10576.79,2.24
234,Exit Long,Close entry(s) order long,2022-03-22 23:20,2970.76,159.2991,817.53,0.17,462813.62,0.17,14320.31,3.04,1166.75,0.25
234,Entry Long,long,2022-03-22 02:20,2960.29,159.2991,817.53,0.17,462813.62,0.17,14320.31,3.04,1166.75,0.25
233,Exit Long,XL STP,2022-03-18 17:00,2942.25,160.5646,57218.66,13.81,461996.10,13.8,57643.84,13.91,2535.77,0.61
233,Entry Long,long,2022-03-15 15:20,2580.92,160.5646,57218.66,13.81,461996.10,13.8,57643.84,13.91,2535.77,0.61
232,Exit Long,Close entry(s) order long,2022-03-09 19:00,2681.67,154.8106,-1402.71,-0.34,404777.44,-0.34,13550.99,3.26,1185.43,0.29
232,Entry Long,long,2022-03-09 03:20,2685.90,154.8106,-1402.71,-0.34,404777.44,-0.34,13550.99,3.26,1185.43,0.29
231,Exit Long,Close entry(s) order long,2022-03-03 03:20,2893.59,143.9578,12416.90,3.08,406180.16,3.08,34431.54,8.54,2633.27,0.65
231,Entry Long,long,2022-02-28 15:00,2802.21,143.9578,12416.90,3.08,406180.16,3.08,34431.54,8.54,2633.27,0.65
230,Exit Long,Close entry(s) order long,2022-02-27 01:00,2716.40,148.7729,26007.30,6.89,393763.25,6.88,50412.71,13.36,1995.52,0.53
230,Entry Long,long,2022-02-24 19:00,2536.86,148.7729,26007.30,6.89,393763.25,6.88,50412.71,13.36,1995.52,0.53
229,Exit Long,Close entry(s) order long,2022-02-16 13:40,3073.66,123.0117,6528.24,1.76,367755.94,1.76,21941.15,5.92,1433.53,0.39
229,Entry Long,long,2022-02-15 01:20,3015.11,123.0117,6528.24,1.76,367755.94,1.76,21941.15,5.92,1433.53,0.39
228,Exit Long,XL STP,2022-02-07 16:00,3136.07,118.4801,45003.68,13.81,361227.70,13.8,45338.09,13.91,1132.18,0.35
228,Entry Long,long,2022-02-04 05:00,2750.93,118.4801,45003.68,13.81,361227.70,13.8,45338.09,13.91,1132.18,0.35
227,Exit Long,Close entry(s) order long,2022-02-02 14:40,2687.05,121.5153,5663.78,1.77,316224.00,1.77,21262.49,6.64,1264.01,0.39
227,Entry Long,long,2022-01-31 16:00,2635.65,121.5153,5663.78,1.77,316224.00,1.77,21262.49,6.64,1264.01,0.39
226,Exit Long,Close entry(s) order long,2022-01-20 21:20,3156.68,101.6412,-9173.94,-2.78,310560.25,-2.78,2975.34,0.9,9001.05,2.73
226,Entry Long,long,2022-01-20 15:00,3241.18,101.6412,-9173.94,-2.78,310560.25,-2.78,2975.34,0.9,9001.05,2.73
225,Exit Long,Close entry(s) order long,2022-01-13 15:20,3303.84,99.8932,4763.04,1.47,319734.20,1.47,15807.58,4.87,5273.89,1.62
225,Entry Long,long,2022-01-11 17:00,3250.26,99.8932,4763.04,1.47,319734.20,1.47,15807.58,4.87,5273.89,1.62
224,Exit Long,Close entry(s) order long,2022-01-04 18:20,3793.11,85.7512,-3416.95,-1.04,314971.12,-1.04,6104.33,1.86,3299.15,1.01
224,Entry Long,long,2022-01-04 11:00,3826.10,85.7512,-3416.95,-1.04,314971.12,-1.04,6104.33,1.86,3299.15,1.01
223,Exit Long,Close entry(s) order long,2022-01-03 15:40,3784.04,86.8605,-5336.74,-1.6,318388.10,-1.6,1334.63,0.4,6094.55,1.83
223,Entry Long,long,2022-01-02 16:40,3838.62,86.8605,-5336.74,-1.6,318388.10,-1.6,1334.63,0.4,6094.55,1.83
222,Exit Long,Close entry(s) order long,2021-12-26 02:20,4056.47,82.3438,-6660.61,-1.96,323724.84,-1.96,0,0,6728.06,1.98
222,Entry Long,long,2021-12-25 21:20,4129.99,82.3438,-6660.61,-1.96,323724.84,-1.96,0,0,6728.06,1.98
221,Exit Long,Close entry(s) order long,2021-12-24 23:00,4035.93,84.4147,-1307.76,-0.38,330385.44,-0.38,8628.05,2.53,2584.76,0.76
221,Entry Long,long,2021-12-23 17:40,4044.15,84.4147,-1307.76,-0.38,330385.44,-0.38,8628.05,2.53,2584.76,0.76
220,Exit Long,Close entry(s) order long,2021-12-22 12:20,3976.29,86.01,3476.13,1.03,331693.22,1.03,12262.80,3.63,3528.64,1.04
220,Entry Long,long,2021-12-20 20:40,3928.76,86.01,3476.13,1.03,331693.22,1.03,12262.80,3.63,3528.64,1.04
219,Exit Long,Close entry(s) order long,2021-12-16 23:40,3958.11,85.5261,1385.21,0.41,328217.06,0.41,14973.80,4.45,5589.24,1.66
219,Entry Long,long,2021-12-15 19:00,3934.81,85.5261,1385.21,0.41,328217.06,0.41,14973.80,4.45,5589.24,1.66
218,Exit Long,Close entry(s) order long,2021-12-01 19:00,4610.74,73.1195,25652.78,8.25,326831.84,8.24,38241.01,12.3,2871.16,0.92
218,Entry Long,long,2021-11-28 21:40,4251.93,73.1195,25652.78,8.25,326831.84,8.24,38241.01,12.3,2871.16,0.92
217,Exit Long,Close entry(s) order long,2021-11-26 03:40,4426.63,70.3603,26.71,0.01,301179.10,0.01,9057.73,2.91,901.77,0.29
217,Entry Long,long,2021-11-25 12:00,4418.29,70.3603,26.71,0.01,301179.10,0.01,9057.73,2.91,901.77,0.29
216,Exit Long,Close entry(s) order long,2021-11-24 02:20,4257.87,73.1428,-4305.20,-1.37,301152.38,-1.36,5316.89,1.69,4811.93,1.53
216,Entry Long,long,2021-11-23 14:40,4309.02,73.1428,-4305.20,-1.37,301152.38,-1.36,5316.89,1.69,4811.93,1.53
215,Exit Long,Close entry(s) order long,2021-11-15 15:00,4651.61,67.8779,-1364.58,-0.43,305457.56,-0.43,7092.09,2.24,2353.80,0.74
215,Entry Long,long,2021-11-15 00:00,4663.33,67.8779,-1364.58,-0.43,305457.56,-0.43,7092.09,2.24,2353.80,0.74
214,Exit Long,Close entry(s) order long,2021-11-09 19:00,4732.96,66.9998,12035.16,3.95,306822.16,3.95,19376.98,6.36,2040.85,0.67
214,Entry Long,long,2021-11-07 00:40,4544.98,66.9998,12035.16,3.95,306822.16,3.95,19376.98,6.36,2040.85,0.67
213,Exit Long,Close entry(s) order long,2021-11-03 13:20,4508.82,67.6588,5089.91,1.7,294787.00,1.7,14238.59,4.76,1394.65,0.47
213,Entry Long,long,2021-11-02 09:40,4425.55,67.6588,5089.91,1.7,294787.00,1.7,14238.59,4.76,1394.65,0.47
212,Exit Long,Close entry(s) order long,2021-10-30 14:20,4264.72,70.3368,11165.49,3.87,289697.10,3.87,25203.88,8.74,617.46,0.21
212,Entry Long,long,2021-10-28 08:20,4098.45,70.3368,11165.49,3.87,289697.10,3.87,25203.88,8.74,617.46,0.21
211,Exit Long,Close entry(s) order long,2021-10-27 07:20,4170.10,69.2528,-8202.02,-2.77,278531.60,-2.76,1538.60,0.52,8336.85,2.81
211,Entry Long,long,2021-10-27 04:20,4280.93,69.2528,-8202.02,-2.77,278531.60,-2.76,1538.60,0.52,8336.85,2.81
210,Exit Long,Close entry(s) order long,2021-10-21 14:20,4121.68,72.0582,17006.45,6.09,286733.62,6.08,35527.53,12.71,3884.70,1.39
210,Entry Long,long,2021-10-19 22:40,3878.47,72.0582,17006.45,6.09,286733.62,6.08,35527.53,12.71,3884.70,1.39
209,Exit Long,Close entry(s) order long,2021-10-16 20:00,3818.59,73.32,19445.29,7.48,269727.16,7.47,30871.97,11.87,985.57,0.38
209,Entry Long,long,2021-10-13 20:00,3546.75,73.32,19445.29,7.48,269727.16,7.47,30871.97,11.87,985.57,0.38
208,Exit Long,Close entry(s) order long,2021-10-11 19:40,3515.00,74.1156,-4428.04,-1.67,250281.89,-1.67,3870.20,1.46,4234.34,1.6
208,Entry Long,long,2021-10-11 07:20,3568.37,74.1156,-4428.04,-1.67,250281.89,-1.67,3870.20,1.46,4234.34,1.6
207,Exit Long,Close entry(s) order long,2021-10-07 01:20,3490.75,75.9001,-3524.76,-1.32,254709.92,-1.31,7442.93,2.78,4800.51,1.79
207,Entry Long,long,2021-10-06 13:00,3530.87,75.9001,-3524.76,-1.32,254709.92,-1.31,7442.93,2.78,4800.51,1.79
206,Exit Long,XL STP,2021-10-02 15:40,3395.48,79.0687,32517.27,13.81,258234.69,13.8,32758.90,13.91,3102.71,1.32
206,Entry Long,long,2021-09-30 01:00,2978.49,79.0687,32517.27,13.81,258234.69,13.8,32758.90,13.91,3102.71,1.32
205,Exit Long,Close entry(s) order long,2021-09-27 16:20,3026.52,77.9541,3111.39,1.34,225717.40,1.34,14114.13,6.07,4100.63,1.76
205,Entry Long,long,2021-09-26 09:40,2981.20,77.9541,3111.39,1.34,225717.40,1.34,14114.13,6.07,4100.63,1.76
204,Exit Long,Close entry(s) order long,2021-09-16 14:00,3546.82,65.6406,1276.64,0.55,222606.02,0.55,9984.01,4.32,1208.37,0.52
204,Entry Long,long,2021-09-15 16:00,3521.01,65.6406,1276.64,0.55,222606.02,0.55,9984.01,4.32,1208.37,0.52
203,Exit Long,XL STP,2021-09-01 22:00,3792.77,61.0471,28043.34,13.81,221329.38,13.8,28251.73,13.91,1204.11,0.59
203,Entry Long,long,2021-08-31 07:20,3326.99,61.0471,28043.34,13.81,221329.38,13.8,28251.73,13.91,1204.11,0.59
202,Exit Long,Close entry(s) order long,2021-08-30 23:40,3229.64,63.0005,-1914.93,-0.93,193286.05,-0.93,5721.78,2.79,2894.17,1.41
202,Entry Long,long,2021-08-30 16:20,3254.20,63.0005,-1914.93,-0.93,193286.05,-0.93,5721.78,2.79,2894.17,1.41
201,Exit Long,Close entry(s) order long,2021-08-29 03:20,3165.20,64.8887,-3297.51,-1.58,195200.97,-1.58,4790.78,2.3,3164.57,1.52
201,Entry Long,long,2021-08-27 14:00,3210.28,64.8887,-3297.51,-1.58,195200.97,-1.58,4790.78,2.3,3164.57,1.52
200,Exit Long,Close entry(s) order long,2021-08-26 03:00,3161.64,66.0057,-5192.44,-2.43,198498.48,-2.43,827.64,0.39,5027.07,2.35
200,Entry Long,long,2021-08-25 17:20,3234.55,66.0057,-5192.44,-2.43,198498.48,-2.43,827.64,0.39,5027.07,2.35
199,Exit Long,Close entry(s) order long,2021-08-24 13:20,3256.91,65.6706,-2937.93,-1.36,203690.92,-1.36,5199.39,2.4,3396.23,1.57
199,Entry Long,long,2021-08-23 02:40,3295.75,65.6706,-2937.93,-1.36,203690.92,-1.36,5199.39,2.4,3396.23,1.57
198,Exit Long,Close entry(s) order long,2021-08-21 19:00,3227.67,67.1766,7238.43,3.46,206628.86,3.46,12907.80,6.17,400.56,0.19
198,Entry Long,long,2021-08-19 18:20,3114.21,67.1766,7238.43,3.46,206628.86,3.46,12907.80,6.17,400.56,0.19
197,Exit Long,Close entry(s) order long,2021-08-16 13:20,3242.18,64.6413,-1508.19,-0.72,199390.42,-0.72,4680.44,2.22,1828.29,0.87
197,Entry Long,long,2021-08-15 20:40,3259.66,64.6413,-1508.19,-0.72,199390.42,-0.72,4680.44,2.22,1828.29,0.87
196,Exit Long,Close entry(s) order long,2021-08-14 10:00,3232.84,65.295,3903.33,1.89,200898.61,1.89,10501.36,5.08,551.78,0.27
196,Entry Long,long,2021-08-13 06:20,3167.30,65.295,3903.33,1.89,200898.61,1.89,10501.36,5.08,551.78,0.27
195,Exit Long,Close entry(s) order long,2021-08-08 14:40,3027.50,68.4332,14975.39,7.81,196995.28,7.8,26281.56,13.7,5877.25,3.06
195,Entry Long,long,2021-08-05 14:00,2803.42,68.4332,14975.39,7.81,196995.28,7.8,26281.56,13.7,5877.25,3.06
194,Exit Long,Close entry(s) order long,2021-08-05 08:40,2632.99,72.9941,2896.45,1.53,182019.89,1.53,13268.16,7.02,1340.15,0.71
194,Entry Long,long,2021-08-04 12:40,2588.61,72.9941,2896.45,1.53,182019.89,1.53,13268.16,7.02,1340.15,0.71
193,Exit Long,Close entry(s) order long,2021-08-01 23:20,2551.93,74.1767,7722.11,4.26,179123.45,4.26,18698.54,10.32,2381.00,1.31
193,Entry Long,long,2021-07-30 21:20,2443.33,74.1767,7722.11,4.26,179123.45,4.26,18698.54,10.32,2381.00,1.31
192,Exit Long,Close entry(s) order long,2021-07-30 08:40,2350.72,77.2379,-3623.98,-1.96,171401.34,-1.96,4207.61,2.28,4508.69,2.44
192,Entry Long,long,2021-07-29 23:00,2393.37,77.2379,-3623.98,-1.96,171401.34,-1.96,4207.61,2.28,4508.69,2.44
191,Exit Long,Close entry(s) order long,2021-07-26 20:20,2274.97,81.4041,-3473.48,-1.84,175025.31,-1.84,9610.39,5.1,6316.32,3.35
191,Entry Long,long,2021-07-26 01:20,2313.51,81.4041,-3473.48,-1.84,175025.31,-1.84,9610.39,5.1,6316.32,3.35
190,Exit Long,Close entry(s) order long,2021-07-23 16:00,2015.53,93.6074,14919.96,8.6,178498.80,8.6,22461.34,12.95,405.08,0.23
190,Entry Long,long,2021-07-21 04:20,1852.66,93.6074,14919.96,8.6,178498.80,8.6,22461.34,12.95,405.08,0.23
189,Exit Long,Close entry(s) order long,2021-07-18 14:20,1928.78,90.0751,-1434.27,-0.82,163578.84,-0.82,4577.88,2.62,1438.24,0.82
189,Entry Long,long,2021-07-18 00:20,1941.22,90.0751,-1434.27,-0.82,163578.84,-0.82,4577.88,2.62,1438.24,0.82
188,Exit Long,Close entry(s) order long,2021-07-15 10:20,1921.90,91.1445,-7815.04,-4.28,165013.11,-4.27,3369.28,1.84,8084.85,4.43
188,Entry Long,long,2021-07-14 13:40,2004.11,91.1445,-7815.04,-4.28,165013.11,-4.27,3369.28,1.84,8084.85,4.43
187,Exit Long,Close entry(s) order long,2021-07-05 01:20,2276.45,80.3851,4748.28,2.67,172828.14,2.67,14035.08,7.89,2267.82,1.27
187,Entry Long,long,2021-07-03 09:00,2213.34,80.3851,4748.28,2.67,172828.14,2.67,14035.08,7.89,2267.82,1.27
186,Exit Long,XL STP,2021-06-28 19:20,2141.21,83.2427,21588.37,13.81,168079.86,13.8,21748.79,13.91,6299.84,4.03
186,Entry Long,long,2021-06-27 02:20,1878.25,83.2427,21588.37,13.81,168079.86,13.8,21748.79,13.91,6299.84,4.03
185,Exit Long,Close entry(s) order long,2021-06-15 15:00,2540.28,61.6595,3791.87,2.49,146491.50,2.48,10081.52,6.61,955.53,0.63
185,Entry Long,long,2021-06-13 20:00,2474.27,61.6595,3791.87,2.49,146491.50,2.48,10081.52,6.61,955.53,0.63
184,Exit Long,Close entry(s) order long,2021-06-07 17:00,2725.55,56.0757,-4041.73,-2.58,142699.62,-2.58,2937.06,1.88,4551.85,2.91
184,Entry Long,long,2021-06-07 01:40,2792.66,56.0757,-4041.73,-2.58,142699.62,-2.58,2937.06,1.88,4551.85,2.91
183,Exit Long,Close entry(s) order long,2021-05-09 12:40,3747.96,41.8581,33.09,0.02,146741.36,0.02,10039.82,6.41,786.36,0.5
183,Entry Long,long,2021-05-08 16:00,3740.43,41.8581,33.09,0.02,146741.36,0.02,10039.82,6.41,786.36,0.5
182,Exit Long,XL STP,2021-04-28 18:00,2736.89,57.3093,18997.24,13.81,146708.28,13.79,19138.40,13.91,1121.01,0.81
182,Entry Long,long,2021-04-26 00:00,2400.78,57.3093,18997.24,13.81,146708.28,13.79,19138.40,13.91,1121.01,0.81
181,Exit Long,Close entry(s) order long,2021-04-14 14:00,2309.15,59.6908,5747.86,4.36,127711.04,4.36,11294.82,8.57,941.20,0.71
181,Entry Long,long,2021-04-13 08:20,2208.79,59.6908,5747.86,4.36,127711.04,4.36,11294.82,8.57,941.20,0.71
180,Exit Long,Close entry(s) order long,2021-04-10 20:40,2096.24,63.009,1420.25,1.09,121963.18,1.09,8076.94,6.19,1800.98,1.38
180,Entry Long,long,2021-04-08 16:00,2069.95,63.009,1420.25,1.09,121963.18,1.09,8076.94,6.19,1800.98,1.38
179,Exit Long,Close entry(s) order long,2021-04-06 08:40,2086.80,62.6128,-2040.06,-1.54,120542.93,-1.54,2097.28,1.58,2090.27,1.58
179,Entry Long,long,2021-04-05 14:20,2115.60,62.6128,-2040.06,-1.54,120542.93,-1.54,2097.28,1.58,2090.27,1.58
178,Exit Long,Close entry(s) order long,2021-04-01 18:00,1886.22,70.3536,-250.13,-0.19,122582.99,-0.19,5610.86,4.23,227.79,0.17
178,Entry Long,long,2021-03-31 18:20,1886.38,70.3536,-250.13,-0.19,122582.99,-0.19,5610.86,4.23,227.79,0.17
177,Exit Long,Close entry(s) order long,2021-03-31 08:00,1798.70,73.916,3212.71,2.48,122833.13,2.48,8051.90,6.22,443.26,0.34
177,Entry Long,long,2021-03-29 09:20,1752.04,73.916,3212.71,2.48,122833.13,2.48,8051.90,6.22,443.26,0.34
176,Exit Long,Close entry(s) order long,2021-03-20 20:20,1820.55,71.2626,-3553.79,-2.67,119620.41,-2.67,3.54,0,3460.54,2.6
176,Entry Long,long,2021-03-20 13:00,1867.10,71.2626,-3553.79,-2.67,119620.41,-2.67,3.54,0,3460.54,2.6
175,Exit Long,Close entry(s) order long,2021-03-14 10:20,1875.92,71.0553,3665.94,2.83,123174.20,2.83,8644.67,6.68,253.59,0.2
175,Entry Long,long,2021-03-13 10:00,1821.00,71.0553,3665.94,2.83,123174.20,2.83,8644.67,6.68,253.59,0.2
174,Exit Long,Close entry(s) order long,2021-03-08 08:00,1672.79,77.4902,4614.95,3.7,119508.26,3.7,11119.13,8.91,368.80,0.3
174,Entry Long,long,2021-03-06 18:00,1610.28,77.4902,4614.95,3.7,119508.26,3.7,11119.13,8.91,368.80,0.3
173,Exit Long,Close entry(s) order long,2021-03-06 13:00,1527.28,81.8486,-4107.31,-3.19,114893.31,-3.18,1793.53,1.39,4342.66,3.37
173,Entry Long,long,2021-03-06 05:40,1574.67,81.8486,-4107.31,-3.19,114893.31,-3.18,1793.53,1.39,4342.66,3.37
172,Exit Long,Close entry(s) order long,2021-02-20 21:00,1958.35,65.9314,7451.55,6.14,119000.62,6.13,13105.34,10.79,2872.48,2.37
172,Entry Long,long,2021-02-17 12:20,1841.91,65.9314,7451.55,6.14,119000.62,6.13,13105.34,10.79,2872.48,2.37
171,Exit Long,Close entry(s) order long,2021-02-15 23:40,1779.25,68.3763,-3651.83,-2.92,111549.07,-2.92,318.88,0.25,4677.38,3.74
171,Entry Long,long,2021-02-15 16:00,1829.41,68.3763,-3651.83,-2.92,111549.07,-2.92,318.88,0.25,4677.38,3.74
170,Exit Long,Close entry(s) order long,2021-02-10 12:20,1702.85,73.5905,-828.81,-0.66,115200.90,-0.66,9219.42,7.32,2747.86,2.18
170,Entry Long,long,2021-02-08 12:40,1711.04,73.5905,-828.81,-0.66,115200.90,-0.66,9219.42,7.32,2747.86,2.18
169,Exit Long,XL STP,2021-02-03 06:20,1566.56,80.5224,15278.59,13.81,116029.71,13.8,15392.12,13.91,1218.04,1.1
169,Entry Long,long,2021-02-01 23:40,1374.17,80.5224,15278.59,13.81,116029.71,13.8,15392.12,13.91,1218.04,1.1
168,Exit Long,Close entry(s) order long,2021-01-29 19:00,1334.34,83.0754,-5235.11,-4.52,100751.12,-4.51,3384.87,2.92,5293.18,4.57
168,Entry Long,long,2021-01-29 09:20,1394.90,83.0754,-5235.11,-4.52,100751.12,-4.51,3384.87,2.92,5293.18,4.57
167,Exit Long,Close entry(s) order long,2021-01-20 03:40,1344.03,86.375,1003.97,0.87,105986.23,0.87,9251.02,8.05,2506.34,2.18
167,Entry Long,long,2021-01-19 01:20,1330.00,86.375,1003.97,0.87,105986.23,0.87,9251.02,8.05,2506.34,2.18
166,Exit Long,XL STP,2021-01-03 13:20,851.62,135.1375,13939.60,13.81,104982.26,13.8,14043.18,13.91,301.67,0.3
166,Entry Long,long,2021-01-02 12:20,747.03,135.1375,13939.60,13.81,104982.26,13.8,14043.18,13.91,301.67,0.3
165,Exit Long,Close entry(s) order long,2020-12-29 03:40,700.00,144.4766,3208.98,3.28,91042.66,3.28,10247.89,10.48,2464.61,2.52
165,Entry Long,long,2020-12-27 14:20,676.55,144.4766,3208.98,3.28,91042.66,3.28,10247.89,10.48,2464.61,2.52
164,Exit Long,Close entry(s) order long,2020-12-17 18:00,638.03,153.4752,4253.95,4.55,87833.67,4.55,10207.90,10.92,282.13,0.3
164,Entry Long,long,2020-12-16 13:40,609.19,153.4752,4253.95,4.55,87833.67,4.55,10207.90,10.92,282.13,0.3
163,Exit Long,Close entry(s) order long,2020-12-14 10:40,578.39,161.9392,-270.71,-0.29,83579.73,-0.29,2503.40,2.67,492.48,0.53
163,Entry Long,long,2020-12-13 07:40,579.02,161.9392,-270.71,-0.29,83579.73,-0.29,2503.40,2.67,492.48,0.53
162,Exit Long,Close entry(s) order long,2020-12-10 09:40,558.13,168.303,-2556.08,-2.65,83850.43,-2.65,886.10,0.92,2528.76,2.63
162,Entry Long,long,2020-12-09 13:40,572.30,168.303,-2556.08,-2.65,83850.43,-2.65,886.10,0.92,2528.76,2.63
161,Exit Long,Close entry(s) order long,2020-11-25 03:40,584.74,165.0192,2911.65,3.12,86406.52,3.11,9312.12,9.97,2714.48,2.91
161,Entry Long,long,2020-11-22 18:00,566.06,165.0192,2911.65,3.12,86406.52,3.11,9312.12,9.97,2714.48,2.91
160,Exit Long,Close entry(s) order long,2020-11-22 11:20,526.49,177.7414,5757.45,6.57,83494.88,6.56,12080.40,13.78,1795.87,2.05
160,Entry Long,long,2020-11-20 07:00,493.18,177.7414,5757.45,6.57,83494.88,6.56,12080.40,13.78,1795.87,2.05
159,Exit Long,Close entry(s) order long,2020-11-18 05:20,477.29,183.9897,-773.15,-0.87,77737.42,-0.87,2621.38,2.96,2666.48,3.02
159,Entry Long,long,2020-11-17 16:20,480.63,183.9897,-773.15,-0.87,77737.42,-0.87,2621.38,2.96,2666.48,3.02
158,Exit Long,Close entry(s) order long,2020-11-12 00:00,455.62,194.439,-1657.99,-1.84,78510.57,-1.84,2433.02,2.7,2437.68,2.71
158,Entry Long,long,2020-11-11 00:20,463.32,194.439,-1657.99,-1.84,78510.57,-1.84,2433.02,2.7,2437.68,2.71
157,Exit Long,Close entry(s) order long,2020-11-07 14:40,446.60,202.0819,6904.65,8.3,80168.55,8.29,11367.01,13.66,1095.38,1.32
157,Entry Long,long,2020-11-05 14:20,411.66,202.0819,6904.65,8.3,80168.55,8.29,11367.01,13.66,1095.38,1.32
156,Exit Long,Close entry(s) order long,2020-11-05 09:00,397.05,209.8952,-103.79,-0.12,73263.91,-0.12,2351.43,2.82,379.31,0.46
156,Entry Long,long,2020-11-04 16:00,396.83,209.8952,-103.79,-0.12,73263.91,-0.12,2351.43,2.82,379.31,0.46
155,Exit Long,Close entry(s) order long,2020-11-02 08:20,388.39,214.8428,-1926.40,-2.26,73367.70,-2.26,1609.82,1.89,2332.55,2.74
155,Entry Long,long,2020-11-01 21:00,396.65,214.8428,-1926.40,-2.26,73367.70,-2.26,1609.82,1.89,2332.55,2.74
154,Exit Long,Close entry(s) order long,2020-10-28 07:00,397.78,214.6184,-1122.47,-1.3,75294.10,-1.3,1630.66,1.89,1427.65,1.65
154,Entry Long,long,2020-10-27 11:40,402.29,214.6184,-1122.47,-1.3,75294.10,-1.3,1630.66,1.89,1427.65,1.65
153,Exit Long,Close entry(s) order long,2020-10-23 16:00,406.01,213.0351,5731.50,7.11,76416.56,7.1,8945.23,11.1,581.71,0.72
153,Entry Long,long,2020-10-21 03:20,378.40,213.0351,5731.50,7.11,76416.56,7.1,8945.23,11.1,581.71,0.72
152,Exit Long,Close entry(s) order long,2020-10-20 07:40,375.41,215.1187,209.90,0.26,70685.06,0.26,2199.29,2.74,575.74,0.72
152,Entry Long,long,2020-10-18 06:40,373.76,215.1187,209.90,0.26,70685.06,0.26,2199.29,2.74,575.74,0.72
151,Exit Long,Close entry(s) order long,2020-10-13 13:20,378.43,212.8469,-1267.70,-1.55,70475.16,-1.55,2289.10,2.8,1267.57,1.55
151,Entry Long,long,2020-10-12 13:40,383.70,212.8469,-1267.70,-1.55,70475.16,-1.55,2289.10,2.8,1267.57,1.55
150,Exit Long,Close entry(s) order long,2020-10-12 10:40,367.50,222.6299,5102.61,6.66,71742.86,6.66,7602.91,9.93,300.45,0.39
150,Entry Long,long,2020-10-08 13:00,343.94,222.6299,5102.61,6.66,71742.86,6.66,7602.91,9.93,300.45,0.39
149,Exit Long,Close entry(s) order long,2020-10-01 15:40,361.11,212.4263,-601.58,-0.78,66640.25,-0.78,1451.52,1.88,725.85,0.94
149,Entry Long,long,2020-10-01 02:00,363.29,212.4263,-601.58,-0.78,66640.25,-0.78,1451.52,1.88,725.85,0.94
148,Exit Long,Close entry(s) order long,2020-09-18 15:20,380.82,203.013,1055.63,1.39,67241.83,1.39,3829.34,5.03,135.50,0.18
148,Entry Long,long,2020-09-17 00:20,374.94,203.013,1055.63,1.39,67241.83,1.39,3829.34,5.03,135.50,0.18
147,Exit Long,Close entry(s) order long,2020-09-15 08:40,370.28,205.9382,-1909.92,-2.45,66186.20,-2.45,1115.98,1.43,2067.82,2.65
147,Entry Long,long,2020-09-14 15:00,378.88,205.9382,-1909.92,-2.45,66186.20,-2.45,1115.98,1.43,2067.82,2.65
146,Exit Long,XL STP,2020-09-01 15:00,480.17,162.7891,9467.61,13.81,68096.13,13.8,9537.96,13.91,576.12,0.84
146,Entry Long,long,2020-08-30 16:20,421.20,162.7891,9467.61,13.81,68096.13,13.8,9537.96,13.91,576.12,0.84
145,Exit Long,Close entry(s) order long,2020-08-25 06:20,398.41,172.4111,-1074.48,-1.54,58628.51,-1.54,1058.00,1.52,1354.04,1.94
145,Entry Long,long,2020-08-24 08:00,403.92,172.4111,-1074.48,-1.54,58628.51,-1.54,1058.00,1.52,1354.04,1.94
144,Exit Long,Close entry(s) order long,2020-08-16 11:40,417.86,166.9597,3392.09,5.12,59702.99,5.12,7937.74,11.98,2134.94,3.22
144,Entry Long,long,2020-08-13 11:00,396.81,166.9597,3392.09,5.12,59702.99,5.12,7937.74,11.98,2134.94,3.22
143,Exit Long,Close entry(s) order long,2020-08-13 08:20,383.79,172.9347,-1857.29,-2.73,56310.91,-2.72,331.27,0.49,1961.85,2.88
143,Entry Long,long,2020-08-13 00:40,393.83,172.9347,-1857.29,-2.73,56310.91,-2.72,331.27,0.49,1961.85,2.88
142,Exit Long,Close entry(s) order long,2020-08-09 09:40,389.35,175.2397,-1978.52,-2.82,58168.20,-2.82,0,0,2966.80,4.23
142,Entry Long,long,2020-08-09 00:20,399.93,175.2397,-1978.52,-2.82,58168.20,-2.82,0,0,2966.80,4.23
141,Exit Long,XL STP,2020-08-01 19:00,374.44,187.5064,8504.80,13.81,60146.72,13.8,8567.99,13.91,242.93,0.39
141,Entry Long,long,2020-07-30 18:00,328.45,187.5064,8504.80,13.81,60146.72,13.8,8567.99,13.91,242.93,0.39
140,Exit Long,XL STP,2020-07-24 20:40,284.64,216.756,7473.55,13.81,51641.91,13.8,7529.08,13.91,336.99,0.62
140,Entry Long,long,2020-07-22 22:00,249.68,216.756,7473.55,13.81,51641.91,13.8,7529.08,13.91,336.99,0.62
139,Exit Long,Close entry(s) order long,2020-07-22 07:40,242.25,223.8066,236.18,0.44,44168.36,0.44,1271.96,2.36,86.54,0.16
139,Entry Long,long,2020-07-21 07:20,240.76,223.8066,236.18,0.44,44168.36,0.44,1271.96,2.36,86.54,0.16
138,Exit Long,Close entry(s) order long,2020-07-20 19:20,235.06,229.6467,-658.01,-1.21,43932.18,-1.21,506.66,0.93,726.54,1.33
138,Entry Long,long,2020-07-19 22:20,237.50,229.6467,-658.01,-1.21,43932.18,-1.21,506.66,0.93,726.54,1.33
137,Exit Long,Close entry(s) order long,2020-07-15 03:40,239.26,228.3681,-738.36,-1.34,44590.19,-1.33,0,0,691.47,1.25
137,Entry Long,long,2020-07-14 20:20,242.06,228.3681,-738.36,-1.34,44590.19,-1.33,0,0,691.47,1.25
136,Exit Long,Close entry(s) order long,2020-07-13 18:20,241.50,229.31,-395.76,-0.71,45328.54,-0.71,532.34,0.96,660.07,1.19
136,Entry Long,long,2020-07-12 23:40,242.79,229.31,-395.76,-0.71,45328.54,-0.71,532.34,0.96,660.07,1.19
135,Exit Long,Close entry(s) order long,2020-07-12 13:20,237.76,234.5831,-1424.63,-2.5,45724.30,-2.49,89.36,0.16,1662.97,2.91
135,Entry Long,long,2020-07-12 13:00,243.40,234.5831,-1424.63,-2.5,45724.30,-2.49,89.36,0.16,1662.97,2.91
134,Exit Long,Close entry(s) order long,2020-07-07 06:00,236.76,241.5966,1493.01,2.68,47148.93,2.68,3238.08,5.82,59.71,0.11
134,Entry Long,long,2020-07-06 06:00,230.16,241.5966,1493.01,2.68,47148.93,2.68,3238.08,5.82,59.71,0.11
133,Exit Long,Close entry(s) order long,2020-07-05 05:40,226.74,245.6825,-496.18,-0.88,45655.92,-0.88,529.32,0.94,524.66,0.94
133,Entry Long,long,2020-07-04 17:20,228.35,245.6825,-496.18,-0.88,45655.92,-0.88,529.32,0.94,524.66,0.94
132,Exit Long,Close entry(s) order long,2020-07-02 05:40,228.48,245.9851,-859.48,-1.51,46152.10,-1.51,231.62,0.41,877.77,1.54
132,Entry Long,long,2020-07-01 16:20,231.56,245.9851,-859.48,-1.51,46152.10,-1.51,231.62,0.41,877.77,1.54
131,Exit Long,Close entry(s) order long,2020-06-24 07:20,243.16,234.6723,2201.49,4.02,47011.58,4.02,3679.66,6.72,190.09,0.35
131,Entry Long,long,2020-06-22 01:40,233.35,234.6723,2201.49,4.02,47011.58,4.02,3679.66,6.72,190.09,0.35
130,Exit Long,Close entry(s) order long,2020-06-11 06:00,245.88,223.1147,-257.30,-0.47,44810.09,-0.47,773.78,1.41,1966.07,3.57
130,Entry Long,long,2020-06-08 23:20,246.59,223.1147,-257.30,-0.47,44810.09,-0.47,773.78,1.41,1966.07,3.57
129,Exit Long,Close entry(s) order long,2020-06-08 14:40,241.27,228.4452,-295.85,-0.53,45067.39,-0.53,690.38,1.25,401.59,0.73
129,Entry Long,long,2020-06-07 19:40,242.13,228.4452,-295.85,-0.53,45067.39,-0.53,690.38,1.25,401.59,0.73
128,Exit Long,XL STP,2020-05-30 10:40,234.91,235.8908,6711.83,13.81,45363.24,13.8,6761.70,13.91,371.64,0.76
128,Entry Long,long,2020-05-27 10:20,206.06,235.8908,6711.83,13.81,45363.24,13.8,6761.70,13.91,371.64,0.76
127,Exit Long,Close entry(s) order long,2020-05-20 15:00,210.51,231.3202,750.48,1.57,38651.41,1.57,2311.77,4.83,228.13,0.48
127,Entry Long,long,2020-05-17 12:40,206.89,231.3202,750.48,1.57,38651.41,1.57,2311.77,4.83,228.13,0.48
126,Exit Long,Close entry(s) order long,2020-05-08 06:20,208.00,230.5003,-1175.24,-2.4,37900.93,-2.39,852.52,1.74,1385.64,2.83
126,Entry Long,long,2020-05-07 18:00,212.72,230.5003,-1175.24,-2.4,37900.93,-2.39,852.52,1.74,1385.64,2.83
125,Exit Long,Close entry(s) order long,2020-04-30 09:00,211.91,231.7982,1635.39,3.45,39076.16,3.45,5246.98,11.07,230.41,0.49
125,Entry Long,long,2020-04-29 06:00,204.48,231.7982,1635.39,3.45,39076.16,3.45,5246.98,11.07,230.41,0.49
124,Exit Long,Close entry(s) order long,2020-04-27 14:20,192.22,247.0268,-614.58,-1.28,37440.77,-1.28,1350.02,2.81,749.71,1.56
124,Entry Long,long,2020-04-25 05:40,194.36,247.0268,-614.58,-1.28,37440.77,-1.28,1350.02,2.81,749.71,1.56
123,Exit Long,Close entry(s) order long,2020-04-23 23:20,184.15,261.1927,-1166.27,-2.37,38055.35,-2.37,1353.12,2.75,1467.76,2.98
123,Entry Long,long,2020-04-23 14:00,188.28,261.1927,-1166.27,-2.37,38055.35,-2.37,1353.12,2.75,1467.76,2.98
122,Exit Long,Close entry(s) order long,2020-04-23 06:00,179.14,275.0137,-333.66,-0.67,39221.63,-0.67,1880.54,3.8,558.84,1.13
122,Entry Long,long,2020-04-22 13:20,180.03,275.0137,-333.66,-0.67,39221.63,-0.67,1880.54,3.8,558.84,1.13
121,Exit Long,Close entry(s) order long,2020-04-19 14:00,178.14,278.4322,3107.21,6.7,39555.29,6.69,6325.98,13.63,971.73,2.09
121,Entry Long,long,2020-04-16 07:00,166.67,278.4322,3107.21,6.7,39555.29,6.69,6325.98,13.63,971.73,2.09
120,Exit Long,XL STP,2020-04-06 23:40,171.04,271.8072,5632.13,13.81,36448.08,13.8,5673.97,13.91,517.80,1.27
120,Entry Long,long,2020-04-06 06:20,150.03,271.8072,5632.13,13.81,36448.08,13.8,5673.97,13.91,517.80,1.27
119,Exit Long,Close entry(s) order long,2020-04-03 16:00,139.34,293.1872,1320.36,3.35,30815.95,3.34,4412.14,11.18,481.16,1.22
119,Entry Long,long,2020-04-01 22:20,134.59,293.1872,1320.36,3.35,30815.95,3.34,4412.14,11.18,481.16,1.22
118,Exit Long,Close entry(s) order long,2020-04-01 13:20,130.62,302.6425,-916.29,-2.27,29495.59,-2.27,571.97,1.42,956.37,2.37
118,Entry Long,long,2020-03-30 11:20,133.41,302.6425,-916.29,-2.27,29495.59,-2.27,571.97,1.42,956.37,2.37
117,Exit Long,XL STP,2020-03-20 08:00,146.62,275.8715,4900.11,13.81,30411.88,13.8,4936.51,13.91,1422.32,4.01
117,Entry Long,long,2020-03-19 12:40,128.61,275.8715,4900.11,13.81,30411.88,13.8,4936.51,13.91,1422.32,4.01
116,Exit Long,Close entry(s) order long,2020-03-07 17:40,238.99,148.7248,394.51,1.12,25511.77,1.12,2350.99,6.7,315.64,0.9
116,Entry Long,long,2020-03-06 06:00,235.91,148.7248,394.51,1.12,25511.77,1.12,2350.99,6.7,315.64,0.9
115,Exit Long,Close entry(s) order long,2020-03-03 06:40,226.99,154.8477,-385.64,-1.09,25117.26,-1.09,793.41,2.24,443.82,1.25
115,Entry Long,long,2020-03-02 14:20,229.07,154.8477,-385.64,-1.09,25117.26,-1.09,793.41,2.24,443.82,1.25
114,Exit Long,Close entry(s) order long,2020-02-19 20:20,271.68,130.7968,-1405.84,-3.81,25502.91,-3.81,483.46,1.31,1593.59,4.32
114,Entry Long,long,2020-02-18 16:20,281.93,130.7968,-1405.84,-3.81,25502.91,-3.81,483.46,1.31,1593.59,4.32
113,Exit Long,XL STP,2020-02-12 16:40,259.75,142.2213,4474.45,13.81,26908.74,13.8,4507.70,13.91,36.28,0.11
113,Entry Long,long,2020-02-11 15:20,227.85,142.2213,4474.45,13.81,26908.74,13.8,4507.70,13.91,36.28,0.11
112,Exit Long,XL STP,2020-02-07 10:00,222.52,145.8903,3932.34,13.81,22434.30,13.8,3961.55,13.91,143.80,0.5
112,Entry Long,long,2020-02-05 10:40,195.19,145.8903,3932.34,13.81,22434.30,13.8,3961.55,13.91,143.80,0.5
111,Exit Long,Close entry(s) order long,2020-02-04 04:40,187.20,152.3912,212.52,0.75,18501.96,0.75,1455.80,5.15,30.01,0.11
111,Entry Long,long,2020-02-02 06:20,185.47,152.3912,212.52,0.75,18501.96,0.75,1455.80,5.15,30.01,0.11
110,Exit Long,Close entry(s) order long,2020-01-31 12:20,179.10,158.0955,-940.26,-3.22,18289.44,-3.22,334.17,1.14,971.69,3.33
110,Entry Long,long,2020-01-30 20:20,184.72,158.0955,-940.26,-3.22,18289.44,-3.22,334.17,1.14,971.69,3.33
109,Exit Long,Close entry(s) order long,2020-01-29 23:40,173.72,168.409,449.65,1.56,19229.70,1.56,1272.55,4.43,359.33,1.25
109,Entry Long,long,2020-01-27 13:20,170.74,168.409,449.65,1.56,19229.70,1.56,1272.55,4.43,359.33,1.25
108,Exit Long,XL STP,2020-01-14 18:00,167.97,171.4947,3489.27,13.81,18780.05,13.8,3515.19,13.91,175.37,0.69
108,Entry Long,long,2020-01-14 01:40,147.34,171.4947,3489.27,13.81,18780.05,13.8,3515.19,13.91,175.37,0.69
107,Exit Long,Close entry(s) order long,2020-01-11 22:00,143.15,176.8324,536.74,2.17,15290.78,2.17,1426.00,5.77,236.23,0.96
107,Entry Long,long,2020-01-10 12:40,139.86,176.8324,536.74,2.17,15290.78,2.17,1426.00,5.77,236.23,0.96
106,Exit Long,Close entry(s) order long,2020-01-08 12:40,142.36,174.04,-948.68,-3.69,14754.04,-3.69,15.18,0.06,969.89,3.78
106,Entry Long,long,2020-01-08 00:40,147.55,174.04,-948.68,-3.69,14754.04,-3.69,15.18,0.06,969.89,3.78
105,Exit Long,Close entry(s) order long,2020-01-05 21:40,135.37,190.0411,784.92,3.15,15702.72,3.15,1343.99,5.4,41.41,0.17
105,Entry Long,long,2020-01-03 08:20,131.00,190.0411,784.92,3.15,15702.72,3.15,1343.99,5.4,41.41,0.17
104,Exit Long,Close entry(s) order long,2019-12-30 10:20,132.81,187.7889,287.79,1.17,14917.80,1.17,1298.01,5.27,161.11,0.65
104,Entry Long,long,2019-12-29 12:40,131.04,187.7889,287.79,1.17,14917.80,1.17,1298.01,5.27,161.11,0.65
103,Exit Long,Close entry(s) order long,2019-12-26 22:00,125.67,196.166,-547.01,-2.17,14630.01,-2.17,767.91,3.05,705.30,2.8
103,Entry Long,long,2019-12-26 16:40,128.23,196.166,-547.01,-2.17,14630.01,-2.17,767.91,3.05,705.30,2.8
102,Exit Long,Close entry(s) order long,2019-12-23 16:40,131.69,191.3561,-457.15,-1.78,15177.02,-1.78,218.06,0.85,1582.60,6.18
102,Entry Long,long,2019-12-18 22:40,133.84,191.3561,-457.15,-1.78,15177.02,-1.78,218.06,0.85,1582.60,6.18
101,Exit Long,Close entry(s) order long,2019-12-16 03:20,141.41,181.4387,-380.33,-1.46,15634.16,-1.46,107.24,0.41,420.74,1.62
101,Entry Long,long,2019-12-15 07:40,143.25,181.4387,-380.33,-1.46,15634.16,-1.46,107.24,0.41,420.74,1.62
100,Exit Long,Close entry(s) order long,2019-12-09 08:00,148.96,174.7981,-281.31,-1.07,16014.49,-1.07,207.09,0.79,287.59,1.09
100,Entry Long,long,2019-12-08 15:00,150.30,174.7981,-281.31,-1.07,16014.49,-1.07,207.09,0.79,287.59,1.09
99,Exit Long,Close entry(s) order long,2019-12-06 09:00,146.29,179.9131,-339.10,-1.27,16295.80,-1.27,175.75,0.66,414.36,1.56
99,Entry Long,long,2019-12-05 12:00,147.91,179.9131,-339.10,-1.27,16295.80,-1.27,175.75,0.66,414.36,1.56
98,Exit Long,Close entry(s) order long,2019-12-04 20:40,145.94,182.6702,-823.20,-3,16634.90,-3,61.16,0.22,1025.72,3.74
98,Entry Long,long,2019-12-04 13:20,150.18,182.6702,-823.20,-3,16634.90,-3,61.16,0.22,1025.72,3.74
97,Exit Long,Close entry(s) order long,2019-11-30 14:00,151.09,181.8971,-371.72,-1.34,17458.10,-1.34,837.17,3.01,710.78,2.56
97,Entry Long,long,2019-11-27 16:40,152.86,181.8971,-371.72,-1.34,17458.10,-1.34,837.17,3.01,710.78,2.56
96,Exit Long,Close entry(s) order long,2019-11-11 05:20,187.47,148.5831,-169.11,-0.6,17829.82,-0.6,466.63,1.67,615.05,2.2
96,Entry Long,long,2019-11-10 05:20,188.27,148.5831,-169.11,-0.6,17829.82,-0.6,466.63,1.67,615.05,2.2
95,Exit Long,Close entry(s) order long,2019-11-07 09:00,187.79,149.2313,-440.29,-1.55,17998.93,-1.55,674.32,2.37,512.07,1.8
95,Entry Long,long,2019-11-05 14:20,190.40,149.2313,-440.29,-1.55,17998.93,-1.55,674.32,2.37,512.07,1.8
94,Exit Long,Close entry(s) order long,2019-11-05 06:20,184.45,154.3227,81.60,0.29,18439.22,0.29,753.83,2.66,47.10,0.17
94,Entry Long,long,2019-11-04 11:00,183.59,154.3227,81.60,0.29,18439.22,0.29,753.83,2.66,47.10,0.17
93,Exit Long,Close entry(s) order long,2019-10-26 09:00,178.61,158.9113,440.39,1.58,18357.62,1.58,3505.91,12.57,28.28,0.1
93,Entry Long,long,2019-10-25 15:40,175.52,158.9113,440.39,1.58,18357.62,1.58,3505.91,12.57,28.28,0.1
92,Exit Long,Close entry(s) order long,2019-10-21 15:20,172.83,161.6755,-420.87,-1.49,17917.23,-1.49,423.98,1.5,586.50,2.07
92,Entry Long,long,2019-10-20 17:40,175.12,161.6755,-420.87,-1.49,17917.23,-1.49,423.98,1.5,586.50,2.07
91,Exit Long,Close entry(s) order long,2019-10-10 12:00,187.91,150.9426,-93.36,-0.33,18338.10,-0.33,1082.35,3.81,223.30,0.79
91,Entry Long,long,2019-10-09 13:40,188.19,150.9426,-93.36,-0.33,18338.10,-0.33,1082.35,3.81,223.30,0.79
90,Exit Long,Close entry(s) order long,2019-10-08 12:00,179.10,158.8892,583.32,2.1,18431.45,2.09,1525.72,5.48,142.62,0.51
90,Entry Long,long,2019-10-07 10:00,175.11,158.8892,583.32,2.1,18431.45,2.09,1525.72,5.48,142.62,0.51
89,Exit Long,Close entry(s) order long,2019-10-01 17:40,174.82,159.4395,-412.43,-1.46,17848.14,-1.46,1320.26,4.68,647.23,2.29
89,Entry Long,long,2019-09-30 14:40,177.09,159.4395,-412.43,-1.46,17848.14,-1.46,1320.26,4.68,647.23,2.29
88,Exit Long,Close entry(s) order long,2019-09-22 01:00,211.63,133.6578,-861.61,-2.96,18260.56,-2.96,809.17,2.78,880.26,3.03
88,Entry Long,long,2019-09-19 16:20,217.69,133.6578,-861.61,-2.96,18260.56,-2.96,809.17,2.78,880.26,3.03
87,Exit Long,Close entry(s) order long,2019-09-19 00:20,207.77,140.2917,1180.40,4.23,19122.17,4.22,2539.41,9.1,481.07,1.72
87,Entry Long,long,2019-09-16 20:40,198.99,140.2917,1180.40,4.23,19122.17,4.22,2539.41,9.1,481.07,1.72
86,Exit Long,Close entry(s) order long,2019-09-16 12:40,189.84,147.3184,905.14,3.35,17941.77,3.35,1727.30,6.39,25.78,0.1
86,Entry Long,long,2019-09-14 13:40,183.36,147.3184,905.14,3.35,17941.77,3.35,1727.30,6.39,25.78,0.1
85,Exit Long,Close entry(s) order long,2019-09-09 02:40,178.31,151.7636,-0.10,0,17036.63,0,915.11,3.39,306.59,1.14
85,Entry Long,long,2019-09-07 16:20,177.99,151.7636,-0.10,0,17036.63,0,915.11,3.39,306.59,1.14
84,Exit Long,Close entry(s) order long,2019-09-04 01:40,177.31,152.6201,-859.85,-3.09,17036.73,-3.08,0,0,899.60,3.23
84,Entry Long,long,2019-09-03 14:20,182.62,152.6201,-859.85,-3.09,17036.73,-3.08,0,0,899.60,3.23
83,Exit Long,Close entry(s) order long,2019-09-03 09:40,175.66,158.9531,228.16,0.83,17896.58,0.82,1102.10,3.99,1026.28,3.71
83,Entry Long,long,2019-08-31 21:40,173.91,158.9531,228.16,0.83,17896.58,0.82,1102.10,3.99,1026.28,3.71
82,Exit Long,Close entry(s) order long,2019-08-26 16:00,188.02,147.2893,-623.32,-2.21,17668.42,-2.2,238.21,0.84,652.89,2.31
82,Entry Long,long,2019-08-26 00:00,191.91,147.2893,-623.32,-2.21,17668.42,-2.2,238.21,0.84,652.89,2.31
81,Exit Long,Close entry(s) order long,2019-08-23 11:00,188.87,149.9297,-642.23,-2.22,18291.74,-2.22,323.32,1.12,723.19,2.5
81,Entry Long,long,2019-08-22 15:00,192.81,149.9297,-642.23,-2.22,18291.74,-2.22,323.32,1.12,723.19,2.5
80,Exit Long,Close entry(s) order long,2019-08-06 01:00,229.28,126.3085,657.10,2.33,18933.97,2.32,1563.53,5.53,136.58,0.48
80,Entry Long,long,2019-08-05 00:00,223.67,126.3085,657.10,2.33,18933.97,2.32,1563.53,5.53,136.58,0.48
79,Exit Long,Close entry(s) order long,2019-08-04 03:20,219.26,129.0811,-500.55,-1.74,18276.87,-1.74,202.60,0.7,573.18,1.99
79,Entry Long,long,2019-08-03 02:00,222.74,129.0811,-500.55,-1.74,18276.87,-1.74,202.60,0.7,573.18,1.99
78,Exit Long,Close entry(s) order long,2019-08-02 16:20,216.46,133.0654,-744.41,-2.52,18777.42,-2.52,0,0,839.58,2.85
78,Entry Long,long,2019-08-02 07:00,221.66,133.0654,-744.41,-2.52,18777.42,-2.52,0,0,839.58,2.85
77,Exit Long,Close entry(s) order long,2019-07-25 20:00,217.97,135.5618,196.47,0.67,19521.83,0.67,1192.33,4.07,1105.44,3.77
77,Entry Long,long,2019-07-24 15:40,216.13,135.5618,196.47,0.67,19521.83,0.67,1192.33,4.07,1105.44,3.77
76,Exit Long,Close entry(s) order long,2019-07-09 10:00,307.84,95.3474,1291.82,4.61,19325.36,4.61,2305.08,8.23,416.13,1.49
76,Entry Long,long,2019-07-07 11:20,293.75,95.3474,1291.82,4.61,19325.36,4.61,2305.08,8.23,416.13,1.49
75,Exit Long,Close entry(s) order long,2019-06-26 21:00,330.13,84.9931,-285.30,-1.01,18033.54,-1.01,2856.65,10.1,1000.33,3.54
75,Entry Long,long,2019-06-26 03:20,332.89,84.9931,-285.30,-1.01,18033.54,-1.01,2856.65,10.1,1000.33,3.54
74,Exit Long,XL STP,2019-06-22 09:40,310.77,91.2068,3433.48,13.81,18318.83,13.8,3458.99,13.91,245.83,0.99
74,Entry Long,long,2019-06-20 20:20,272.60,91.2068,3433.48,13.81,18318.83,13.8,3458.99,13.91,245.83,0.99
73,Exit Long,Close entry(s) order long,2019-06-13 22:40,255.19,97.6048,-54.60,-0.22,14885.36,-0.22,728.16,2.92,328.90,1.32
73,Entry Long,long,2019-06-12 16:00,255.29,97.6048,-54.60,-0.22,14885.36,-0.22,728.16,2.92,328.90,1.32
72,Exit Long,Close entry(s) order long,2019-06-11 10:00,240.66,103.7248,-72.96,-0.29,14939.96,-0.29,690.10,2.76,144.89,0.58
72,Entry Long,long,2019-06-10 11:20,240.93,103.7248,-72.96,-0.29,14939.96,-0.29,690.10,2.76,144.89,0.58
71,Exit Long,Close entry(s) order long,2019-06-03 06:20,262.67,95.3114,-1194.60,-4.56,15012.92,-4.56,0,0,1361.74,5.2
71,Entry Long,long,2019-06-01 00:40,274.72,95.3114,-1194.60,-4.56,15012.92,-4.56,0,0,1361.74,5.2
70,Exit Long,Close entry(s) order long,2019-05-30 16:00,276.85,94.7485,-534.66,-2,16207.52,-2,604.14,2.26,781.09,2.92
70,Entry Long,long,2019-05-30 03:40,281.99,94.7485,-534.66,-2,16207.52,-2,604.14,2.26,781.09,2.92
69,Exit Long,Close entry(s) order long,2019-05-29 05:20,262.55,101.9473,626.30,2.4,16742.18,2.4,2387.57,9.15,297.72,1.14
69,Entry Long,long,2019-05-26 19:20,255.94,101.9473,626.30,2.4,16742.18,2.4,2387.57,9.15,297.72,1.14
68,Exit Long,Close entry(s) order long,2019-05-13 23:00,193.55,135.0524,-1086.54,-4,16115.89,-3.99,735.88,2.71,1377.69,5.07
68,Entry Long,long,2019-05-13 15:20,201.24,135.0524,-1086.54,-4,16115.89,-3.99,735.88,2.71,1377.69,5.07
67,Exit Long,Close entry(s) order long,2019-05-11 23:40,190.20,143.1489,784.87,2.97,17202.42,2.97,2960.90,11.22,78.15,0.3
67,Entry Long,long,2019-05-11 08:20,184.38,143.1489,784.87,2.97,17202.42,2.97,2960.90,11.22,78.15,0.3
66,Exit Long,Close entry(s) order long,2019-05-07 14:00,173.67,152.2505,1261.41,5.02,16417.56,5.01,2669.17,10.62,217.50,0.87
66,Entry Long,long,2019-05-06 11:40,165.08,152.2505,1261.41,5.02,16417.56,5.01,2669.17,10.62,217.50,0.87
65,Exit Long,Close entry(s) order long,2019-05-04 04:00,165.29,152.331,-235.91,-0.93,15156.14,-0.93,702.26,2.77,898.74,3.54
65,Entry Long,long,2019-05-03 09:00,166.54,152.331,-235.91,-0.93,15156.14,-0.93,702.26,2.77,898.74,3.54
64,Exit Long,Close entry(s) order long,2019-05-01 19:00,158.99,159.8523,-604.13,-2.33,15392.05,-2.32,200.42,0.77,681.97,2.63
64,Entry Long,long,2019-04-30 22:00,162.48,159.8523,-604.13,-2.33,15392.05,-2.32,200.42,0.77,681.97,2.63
63,Exit Long,Close entry(s) order long,2019-04-23 19:20,171.83,151.4264,-480.30,-1.82,15996.18,-1.81,148.82,0.56,546.23,2.06
63,Entry Long,long,2019-04-23 07:20,174.69,151.4264,-480.30,-1.82,15996.18,-1.81,148.82,0.56,546.23,2.06
62,Exit Long,Close entry(s) order long,2019-04-19 01:40,169.50,156.3441,592.32,2.29,16476.49,2.29,1507.33,5.83,320.33,1.24
62,Entry Long,long,2019-04-16 17:20,165.41,156.3441,592.32,2.29,16476.49,2.29,1507.33,5.83,320.33,1.24
61,Exit Long,Close entry(s) order long,2019-04-08 11:40,171.10,151.4171,-458.86,-1.74,15884.16,-1.74,1800.89,6.84,541.53,2.06
61,Entry Long,long,2019-04-07 20:00,173.82,151.4171,-458.86,-1.74,15884.16,-1.74,1800.89,6.84,541.53,2.06
60,Exit Long,XL STP,2019-04-02 23:20,165.48,159.3349,3194.73,13.81,16343.02,13.8,3218.46,13.92,204.05,0.88
60,Entry Long,long,2019-04-02 04:20,145.15,159.3349,3194.73,13.81,16343.02,13.8,3218.46,13.92,204.05,0.88
59,Exit Long,Close entry(s) order long,2019-03-30 16:20,140.60,164.7876,769.78,3.44,13148.29,3.44,1662.36,7.44,92.63,0.41
59,Entry Long,long,2019-03-27 00:40,135.68,164.7876,769.78,3.44,13148.29,3.44,1662.36,7.44,92.63,0.41
58,Exit Long,Close entry(s) order long,2019-03-17 00:00,138.70,161.49,730.68,3.38,12378.51,3.38,1682.64,7.78,893.13,4.13
58,Entry Long,long,2019-03-14 14:00,133.93,161.49,730.68,3.38,12378.51,3.38,1682.64,7.78,893.13,4.13
57,Exit Long,Close entry(s) order long,2019-03-07 10:00,135.71,159.659,563.45,2.67,11647.83,2.67,1314.19,6.24,76.44,0.36
57,Entry Long,long,2019-03-05 13:00,131.94,159.659,563.45,2.67,11647.83,2.67,1314.19,6.24,76.44,0.36
56,Exit Long,Close entry(s) order long,2019-02-24 14:00,141.27,149.3831,-1785.85,-7.82,11084.37,-7.81,1927.39,8.44,2404.72,10.52
56,Entry Long,long,2019-02-23 16:40,152.96,149.3831,-1785.85,-7.82,11084.37,-7.81,1927.39,8.44,2404.72,10.52
55,Exit Long,XL STP,2019-02-18 12:40,143.72,159.2737,2772.51,13.81,12870.22,13.8,2793.11,13.91,292.02,1.45
55,Entry Long,long,2019-02-17 10:00,126.07,159.2737,2772.51,13.81,12870.22,13.8,2793.11,13.91,292.02,1.45
54,Exit Long,XL STP,2019-02-10 23:20,123.89,162.3683,2437.26,13.81,10097.71,13.8,2455.37,13.92,186.37,1.06
54,Entry Long,long,2019-02-08 09:00,108.67,162.3683,2437.26,13.81,10097.71,13.8,2455.37,13.92,186.37,1.06
53,Exit Long,Close entry(s) order long,2019-02-03 08:00,108.05,163.5942,-238.13,-1.33,7660.45,-1.33,284.92,1.59,266.39,1.49
53,Entry Long,long,2019-02-02 23:20,109.31,163.5942,-238.13,-1.33,7660.45,-1.33,284.92,1.59,266.39,1.49
52,Exit Long,Close entry(s) order long,2019-01-20 11:20,119.45,149.9765,-826.34,-4.42,7898.58,-4.41,13.16,0.07,952.69,5.09
52,Entry Long,long,2019-01-19 10:00,124.74,149.9765,-826.34,-4.42,7898.58,-4.41,13.16,0.07,952.69,5.09
51,Exit Long,Close entry(s) order long,2019-01-15 09:20,124.16,150.9486,-505.12,-2.63,8724.92,-2.63,400.84,2.09,648.26,3.37
51,Entry Long,long,2019-01-14 15:40,127.28,150.9486,-505.12,-2.63,8724.92,-2.63,400.84,2.09,648.26,3.37
50,Exit Long,Close entry(s) order long,2019-01-06 01:40,149.59,128.6674,-1188.54,-5.83,9230.03,-5.82,72.99,0.36,1245.85,6.11
50,Entry Long,long,2019-01-05 00:20,158.55,128.6674,-1188.54,-5.83,9230.03,-5.82,72.99,0.36,1245.85,6.11
49,Exit Long,Close entry(s) order long,2019-01-03 09:20,147.15,138.8852,-432.97,-2.08,10418.58,-2.08,727.06,3.49,602.07,2.89
49,Entry Long,long,2019-01-02 13:00,150.00,138.8852,-432.97,-2.08,10418.58,-2.08,727.06,3.49,602.07,2.89
48,Exit Long,XL STP,2018-12-29 23:40,144.35,144.5814,2528.17,13.81,10851.54,13.8,2546.95,13.91,16.48,0.09
48,Entry Long,long,2018-12-28 15:40,126.62,144.5814,2528.17,13.81,10851.54,13.8,2546.95,13.91,16.48,0.09
47,Exit Long,XL STP,2018-12-24 00:00,136.42,134.4368,2222.18,13.81,8323.37,13.8,2238.68,13.92,171.77,1.07
47,Entry Long,long,2018-12-23 00:20,119.66,134.4368,2222.18,13.81,8323.37,13.8,2238.68,13.92,171.77,1.07
46,Exit Long,XL STP,2018-12-18 23:20,101.24,159.1831,1953.01,13.82,6101.20,13.8,1967.52,13.92,19.09,0.14
46,Entry Long,long,2018-12-17 12:00,88.80,159.1831,1953.01,13.82,6101.20,13.8,1967.52,13.92,19.09,0.14
45,Exit Long,Close entry(s) order long,2018-12-16 21:40,84.79,167.0117,-199.34,-1.39,4148.19,-1.39,289.39,2.02,216.66,1.51
45,Entry Long,long,2018-12-16 02:00,85.83,167.0117,-199.34,-1.39,4148.19,-1.39,289.39,2.02,216.66,1.51
44,Exit Long,Close entry(s) order long,2018-12-08 09:00,88.69,161.9173,-853.99,-5.62,4347.52,-5.62,666.38,4.39,943.07,6.21
44,Entry Long,long,2018-12-07 19:00,93.80,161.9173,-853.99,-5.62,4347.52,-5.62,666.38,4.39,943.07,6.21
43,Exit Long,Close entry(s) order long,2018-11-13 18:40,209.84,72.5086,-266.16,-1.72,5201.51,-1.72,34.67,0.22,293.79,1.9
43,Entry Long,long,2018-11-13 16:40,213.13,72.5086,-266.16,-1.72,5201.51,-1.72,34.67,0.22,293.79,1.9
42,Exit Long,Close entry(s) order long,2018-11-07 15:20,217.69,71.1176,70.36,0.46,5467.67,0.46,589.94,3.83,288.36,1.87
42,Entry Long,long,2018-11-06 09:40,216.31,71.1176,70.36,0.46,5467.67,0.46,589.94,3.83,288.36,1.87
41,Exit Long,Close entry(s) order long,2018-11-05 17:40,208.23,74.0103,430.06,2.88,5397.31,2.87,1223.25,8.18,157.78,1.06
41,Entry Long,long,2018-11-04 06:00,202.05,74.0103,430.06,2.88,5397.31,2.87,1223.25,8.18,157.78,1.06
40,Exit Long,Close entry(s) order long,2018-11-03 09:20,199.84,74.9636,9.05,0.06,4967.25,0.06,314.89,2.11,147.64,0.99
40,Entry Long,long,2018-10-31 15:40,199.36,74.9636,9.05,0.06,4967.25,0.06,314.89,2.11,147.64,0.99
39,Exit Long,Close entry(s) order long,2018-10-26 14:00,203.97,73.4013,-315.68,-2.07,4958.20,-2.07,33.24,0.22,336.70,2.21
39,Entry Long,long,2018-10-26 08:40,207.90,73.4013,-315.68,-2.07,4958.20,-2.07,33.24,0.22,336.70,2.21
38,Exit Long,XL STP,2018-10-15 06:40,237.75,64.3013,1851.77,13.81,5273.88,13.8,1865.53,13.91,17.86,0.13
38,Entry Long,long,2018-10-15 05:20,208.55,64.3013,1851.77,13.81,5273.88,13.8,1865.53,13.91,17.86,0.13
37,Exit Long,Close entry(s) order long,2018-10-09 11:20,227.55,59.0384,-92.14,-0.68,3422.11,-0.68,224.00,1.66,94.22,0.7
37,Entry Long,long,2018-10-08 12:00,228.70,59.0384,-92.14,-0.68,3422.11,-0.68,224.00,1.66,94.22,0.7
36,Exit Long,Close entry(s) order long,2018-10-06 11:20,225.42,60.0053,-334.25,-2.42,3514.24,-2.41,1.35,0.01,391.69,2.83
36,Entry Long,long,2018-10-05 22:00,230.58,60.0053,-334.25,-2.42,3514.24,-2.41,1.35,0.01,391.69,2.83
35,Exit Long,Close entry(s) order long,2018-10-04 21:00,220.79,62.7789,-308.97,-2.18,3848.50,-2.18,103.41,0.73,297.12,2.1
35,Entry Long,long,2018-10-04 01:00,225.31,62.7789,-308.97,-2.18,3848.50,-2.18,103.41,0.73,297.12,2.1
34,Exit Long,Close entry(s) order long,2018-09-30 20:00,229.14,61.8408,82.81,0.59,4157.46,0.59,705.32,5.02,17.60,0.13
34,Entry Long,long,2018-09-29 08:40,227.39,61.8408,82.81,0.59,4157.46,0.59,705.32,5.02,17.60,0.13
33,Exit Long,Close entry(s) order long,2018-09-28 19:00,219.57,64.1587,-605.23,-4.13,4074.65,-4.12,360.20,2.46,600.89,4.1
33,Entry Long,long,2018-09-27 19:40,228.60,64.1587,-605.23,-4.13,4074.65,-4.12,360.20,2.46,600.89,4.1
32,Exit Long,XL STP,2018-09-22 00:00,253.08,58.0571,1779.59,13.81,4679.88,13.79,1792.81,13.91,120.75,0.94
32,Entry Long,long,2018-09-20 22:40,222.00,58.0571,1779.59,13.81,4679.88,13.79,1792.81,13.91,120.75,0.94
31,Exit Long,Close entry(s) order long,2018-09-19 11:40,205.36,62.8745,-80.51,-0.62,2900.29,-0.62,566.77,4.37,146.85,1.13
31,Entry Long,long,2018-09-18 12:20,206.27,62.8745,-80.51,-0.62,2900.29,-0.62,566.77,4.37,146.85,1.13
30,Exit Long,Close entry(s) order long,2018-09-14 08:40,204.41,63.5609,-61.56,-0.47,2980.80,-0.47,1208.01,9.27,323.18,2.48
30,Entry Long,long,2018-09-13 13:20,205.01,63.5609,-61.56,-0.47,2980.80,-0.47,1208.01,9.27,323.18,2.48
29,Exit Long,Close entry(s) order long,2018-09-02 01:20,291.77,44.741,121.15,0.94,3042.36,0.94,590.60,4.57,212.95,1.65
29,Entry Long,long,2018-09-01 03:20,288.54,44.741,121.15,0.94,3042.36,0.94,590.60,4.57,212.95,1.65
28,Exit Long,Close entry(s) order long,2018-08-31 12:20,277.98,46.5243,-329.22,-2.49,2921.21,-2.48,102.07,0.77,358.52,2.71
28,Entry Long,long,2018-08-30 20:20,284.55,46.5243,-329.22,-2.49,2921.21,-2.48,102.07,0.77,358.52,2.71
27,Exit Long,Close entry(s) order long,2018-08-29 15:00,289.57,45.8002,474.88,3.72,3250.43,3.72,872.91,6.84,224.00,1.75
27,Entry Long,long,2018-08-27 04:20,278.69,45.8002,474.88,3.72,3250.43,3.72,872.91,6.84,224.00,1.75
26,Exit Long,Close entry(s) order long,2018-08-22 15:40,275.61,46.3954,-1078.07,-7.79,2775.55,-7.78,7.03,0.05,1075.84,7.77
26,Entry Long,long,2018-08-22 01:00,298.33,46.3954,-1078.07,-7.79,2775.55,-7.78,7.03,0.05,1075.84,7.77
25,Exit Long,Close entry(s) order long,2018-07-25 08:00,474.22,29.2397,289.36,2.14,3853.62,2.13,639.56,4.72,24.77,0.18
25,Entry Long,long,2018-07-24 05:40,463.48,29.2397,289.36,2.14,3853.62,2.13,639.56,4.72,24.77,0.18
24,Exit Long,Close entry(s) order long,2018-07-18 19:00,483.60,28.0737,-387.76,-2.78,3564.26,-2.78,519.17,3.72,395.47,2.84
24,Entry Long,long,2018-07-17 17:40,496.53,28.0737,-387.76,-2.78,3564.26,-2.78,519.17,3.72,395.47,2.84
23,Exit Long,Close entry(s) order long,2018-07-17 11:40,466.67,29.9238,640.37,4.81,3952.02,4.81,1123.04,8.44,35.91,0.27
23,Entry Long,long,2018-07-15 10:20,444.45,29.9238,640.37,4.81,3952.02,4.81,1123.04,8.44,35.91,0.27
22,Exit Long,Close entry(s) order long,2018-07-09 01:00,483.56,27.5532,25.38,0.19,3311.65,0.19,379.58,2.86,45.29,0.34
22,Entry Long,long,2018-07-07 23:20,481.77,27.5532,25.38,0.19,3311.65,0.19,379.58,2.86,45.29,0.34
21,Exit Long,Close entry(s) order long,2018-07-03 10:20,466.43,28.5106,-24.79,-0.19,3286.26,-0.19,573.07,4.31,119.17,0.9
21,Entry Long,long,2018-07-02 13:20,466.46,28.5106,-24.79,-0.19,3286.26,-0.19,573.07,4.31,119.17,0.9
20,Exit Long,Close entry(s) order long,2018-07-01 14:20,445.63,29.8971,414.11,3.21,3311.06,3.21,949.89,7.37,71.09,0.55
20,Entry Long,long,2018-06-29 22:20,430.99,29.8971,414.11,3.21,3311.06,3.21,949.89,7.37,71.09,0.55
19,Exit Long,Close entry(s) order long,2018-06-20 01:00,517.01,24.9677,128.95,1.01,2896.95,1.01,919.32,7.21,34.20,0.27
19,Entry Long,long,2018-06-18 16:20,510.92,24.9677,128.95,1.01,2896.95,1.01,919.32,7.21,34.20,0.27
18,Exit Long,Close entry(s) order long,2018-06-15 09:00,491.72,25.9893,-631.44,-4.72,2768.00,-4.71,348.94,2.61,636.31,4.75
18,Entry Long,long,2018-06-14 17:00,515.11,25.9893,-631.44,-4.72,2768.00,-4.71,348.94,2.61,636.31,4.75
17,Exit Long,Close entry(s) order long,2018-06-06 16:20,597.68,22.4392,-300.84,-2.2,3399.44,-2.2,77.44,0.57,368.88,2.69
17,Entry Long,long,2018-06-05 16:00,610.00,22.4392,-300.84,-2.2,3399.44,-2.2,77.44,0.57,368.88,2.69
16,Exit Long,Close entry(s) order long,2018-06-04 06:20,603.63,22.7169,-407.58,-2.89,3700.28,-2.89,176.77,1.25,423.86,3.01
16,Entry Long,long,2018-06-03 08:20,620.47,22.7169,-407.58,-2.89,3700.28,-2.89,176.77,1.25,423.86,3.01
15,Exit Long,Close entry(s) order long,2018-05-30 14:40,553.50,25.5114,37.14,0.26,4107.86,0.26,874.63,6.22,107.04,0.76
15,Entry Long,long,2018-05-29 11:20,551.05,25.5114,37.14,0.26,4107.86,0.26,874.63,6.22,107.04,0.76
14,Exit Long,Close entry(s) order long,2018-05-19 21:20,690.73,20.3891,-401.46,-2.78,4070.71,-2.77,163.15,1.13,403.67,2.79
14,Entry Long,long,2018-05-19 11:40,709.16,20.3891,-401.46,-2.78,4070.71,-2.77,163.15,1.13,403.67,2.79
13,Exit Long,Close entry(s) order long,2018-05-14 03:00,709.00,20.4304,-297.02,-2.01,4472.17,-2.01,390.22,2.64,292.97,1.99
13,Entry Long,long,2018-05-13 14:40,722.25,20.4304,-297.02,-2.01,4472.17,-2.01,390.22,2.64,292.97,1.99
12,Exit Long,XL STP,2018-05-04 08:40,807.00,18.3178,1790.50,13.81,4769.19,13.8,1803.81,13.91,21.20,0.16
12,Entry Long,long,2018-05-03 02:40,707.89,18.3178,1790.50,13.81,4769.19,13.8,1803.81,13.91,21.20,0.16
11,Exit Long,XL STP,2018-04-20 22:20,607.64,21.3784,1573.52,13.81,2978.69,13.8,1585.21,13.91,113.09,0.99
11,Entry Long,long,2018-04-19 02:00,533.01,21.3784,1573.52,13.81,2978.69,13.8,1585.21,13.91,113.09,0.99
10,Exit Long,XL STP,2018-04-13 07:40,518.96,21.9967,1382.78,13.81,1405.17,13.8,1393.06,13.91,309.93,3.1
10,Entry Long,long,2018-04-12 11:00,455.22,21.9967,1382.78,13.81,1405.17,13.8,1393.06,13.91,309.93,3.1
9,Exit Long,Close entry(s) order long,2018-04-09 10:20,405.24,24.7542,32.49,0.33,22.38,0.33,703.69,7.05,224.34,2.25
9,Entry Long,long,2018-04-08 12:00,403.20,24.7542,32.49,0.33,22.38,0.33,703.69,7.05,224.34,2.25
8,Exit Long,Close entry(s) order long,2018-04-04 02:00,403.00,24.8111,-397.70,-3.83,-10.10,-3.83,10.26,0.1,417.73,4.03
8,Entry Long,long,2018-04-03 19:20,418.29,24.8111,-397.70,-3.83,-10.10,-3.83,10.26,0.1,417.73,4.03
7,Exit Long,Close entry(s) order long,2018-03-24 10:00,529.20,19.6465,-330.20,-3.08,387.60,-3.08,8.24,0.08,361.90,3.38
7,Entry Long,long,2018-03-24 00:00,545.04,19.6465,-330.20,-3.08,387.60,-3.08,8.24,0.08,361.90,3.38
6,Exit Long,Close entry(s) order long,2018-03-05 14:20,861.82,12.4474,-61.67,-0.57,717.79,-0.57,71.59,0.66,62.22,0.58
6,Entry Long,long,2018-03-04 18:00,865.22,12.4474,-61.67,-0.57,717.79,-0.57,71.59,0.66,62.22,0.58
5,Exit Long,Close entry(s) order long,2018-02-27 15:00,869.00,12.4156,-142.69,-1.31,779.46,-1.31,220.74,2.02,281.97,2.58
5,Entry Long,long,2018-02-26 13:00,878.92,12.4156,-142.69,-1.31,779.46,-1.31,220.74,2.02,281.97,2.58
4,Exit Long,Close entry(s) order long,2018-02-15 10:00,899.61,12.1519,-9.70,-0.09,922.15,-0.09,571.88,5.24,284.58,2.61
4,Entry Long,long,2018-02-14 13:00,898.79,12.1519,-9.70,-0.09,922.15,-0.09,571.88,5.24,284.58,2.61
3,Exit Long,Close entry(s) order long,2018-01-29 01:40,1198.00,9.1333,-625.59,-5.42,931.86,-5.41,105.78,0.92,735.76,6.37
3,Entry Long,long,2018-01-28 11:40,1264.28,9.1333,-625.59,-5.42,931.86,-5.41,105.78,0.92,735.76,6.37
2,Exit Long,Close entry(s) order long,2018-01-25 12:40,1035.01,11.1765,177.85,1.56,1557.45,1.56,1082.27,9.52,727.32,6.4
2,Entry Long,long,2018-01-23 16:40,1017.25,11.1765,177.85,1.56,1557.45,1.56,1082.27,9.52,727.32,6.4
1,Exit Long,XL STP,2018-01-03 18:40,926.84,12.2889,1379.60,13.81,1379.60,13.8,1389.85,13.91,66.14,0.66
1,Entry Long,long,2018-01-02 01:20,813.01,12.2889,1379.60,13.81,1379.60,13.8,1389.85,13.91,66.14,0.66